-- phpMyAdmin SQL Dump
-- version 4.5.1
-- http://www.phpmyadmin.net
--
-- Хост: 127.0.0.1
-- Время создания: Сен 06 2016 г., 12:03
-- Версия сервера: 10.1.10-MariaDB
-- Версия PHP: 7.0.4

SET SQL_MODE = "NO_AUTO_VALUE_ON_ZERO";
SET time_zone = "+00:00";


/*!40101 SET @OLD_CHARACTER_SET_CLIENT=@@CHARACTER_SET_CLIENT */;
/*!40101 SET @OLD_CHARACTER_SET_RESULTS=@@CHARACTER_SET_RESULTS */;
/*!40101 SET @OLD_COLLATION_CONNECTION=@@COLLATION_CONNECTION */;
/*!40101 SET NAMES utf8mb4 */;

--
-- База данных: `modulfour`
--

-- --------------------------------------------------------

--
-- Структура таблицы `article`
--

CREATE TABLE `article` (
  `id` int(11) NOT NULL,
  `name` varchar(255) NOT NULL,
  `description` text NOT NULL,
  `count_like` int(11) DEFAULT '0'
) ENGINE=InnoDB DEFAULT CHARSET=utf8;

--
-- Дамп данных таблицы `article`
--

INSERT INTO `article` (`id`, `name`, `description`, `count_like`) VALUES
(1, 'Первая статья', 'Текст первой статьи!', 76);

-- --------------------------------------------------------

--
-- Структура таблицы `category`
--

CREATE TABLE `category` (
  `id_category` int(11) UNSIGNED NOT NULL,
  `category_name` varchar(50) NOT NULL
) ENGINE=InnoDB DEFAULT CHARSET=utf8;

--
-- Дамп данных таблицы `category`
--

INSERT INTO `category` (`id_category`, `category_name`) VALUES
(1, 'Економика'),
(2, 'Наука'),
(3, 'Технологии'),
(4, 'категория1');

-- --------------------------------------------------------

--
-- Структура таблицы `comments`
--

CREATE TABLE `comments` (
  `id_comment` int(10) UNSIGNED NOT NULL,
  `id_user` smallint(5) NOT NULL,
  `id_news` int(11) UNSIGNED NOT NULL,
  `comment` text NOT NULL,
  `id_parent` int(10) UNSIGNED DEFAULT NULL,
  `date_time` datetime NOT NULL DEFAULT CURRENT_TIMESTAMP,
  `cnt_like` int(10) UNSIGNED NOT NULL DEFAULT '0',
  `cnt_dislike` int(10) UNSIGNED NOT NULL DEFAULT '0'
) ENGINE=InnoDB DEFAULT CHARSET=utf8;

--
-- Дамп данных таблицы `comments`
--

INSERT INTO `comments` (`id_comment`, `id_user`, `id_news`, `comment`, `id_parent`, `date_time`, `cnt_like`, `cnt_dislike`) VALUES
(1, 35, 25, 'первый комент', 0, '2016-08-17 19:03:45', 1, 0),
(2, 37, 25, 'второй комент', 0, '2016-08-17 19:04:04', 0, 0),
(3, 36, 25, 'третий комент', 0, '2016-08-17 19:04:35', 1, 0),
(4, 34, 25, 'ответ на 1 комент(1 запись)', 1, '2016-08-17 19:05:49', 4, 0),
(5, 35, 25, 'Ответ на 1 комент(2 запись)', 1, '2016-08-17 19:08:06', 1, 0),
(7, 36, 25, 'ответ на 3 комент(2 запись)\n ', 3, '2016-08-17 19:09:30', 1, 0),
(8, 35, 25, 'ответ на 3 комент(3 запись)', 3, '2016-08-17 19:11:54', 0, 0),
(9, 34, 10, 'FIRST commnet', 0, '2016-09-05 19:23:03', 0, 0),
(10, 34, 10, 'second comment', 0, '2016-09-05 19:23:15', 1, 0),
(11, 34, 10, 'third comment', 0, '2016-09-05 19:32:54', 1, 0),
(12, 34, 10, 'fourth comment', 0, '2016-09-05 19:36:10', 1, 0),
(13, 34, 10, 'second comment 1', 10, '2016-09-05 19:23:31', 0, 0),
(14, 34, 10, 'second comment 2', 10, '2016-09-05 19:32:39', 0, 0),
(15, 34, 10, '5 comment', 0, '2016-09-06 09:59:08', 1, 0),
(16, 34, 10, '5comment1', 15, '2016-09-06 09:59:21', 1, 0),
(17, 34, 6, 'тро', 0, '2016-09-06 10:33:20', 0, 0);

-- --------------------------------------------------------

--
-- Структура таблицы `log`
--

CREATE TABLE `log` (
  `id_log` int(11) NOT NULL,
  `id_news` int(11) UNSIGNED NOT NULL,
  `ip_visit` int(11) UNSIGNED NOT NULL,
  `date_visit` datetime NOT NULL DEFAULT CURRENT_TIMESTAMP
) ENGINE=InnoDB DEFAULT CHARSET=utf8;

--
-- Дамп данных таблицы `log`
--

INSERT INTO `log` (`id_log`, `id_news`, `ip_visit`, `date_visit`) VALUES
(912, 25, 2130706433, '2016-08-19 22:09:20'),
(913, 25, 2130706433, '2016-08-19 22:09:58'),
(914, 25, 2130706433, '2016-08-19 22:10:09'),
(915, 25, 2130706433, '2016-08-19 22:10:10'),
(916, 25, 2130706433, '2016-08-19 22:10:30'),
(917, 25, 2130706433, '2016-08-19 22:17:51'),
(918, 52, 2130706433, '2016-08-21 13:46:22'),
(919, 52, 2130706433, '2016-08-21 13:46:41'),
(920, 52, 2130706433, '2016-08-21 13:46:52'),
(921, 52, 2130706433, '2016-08-21 13:46:53'),
(922, 52, 2130706433, '2016-08-21 13:56:22'),
(923, 52, 2130706433, '2016-08-21 13:57:53'),
(924, 52, 2130706433, '2016-08-21 13:58:39'),
(925, 52, 2130706433, '2016-08-21 13:59:14'),
(926, 52, 2130706433, '2016-08-21 14:00:12'),
(927, 52, 2130706433, '2016-08-21 14:00:59'),
(928, 52, 2130706433, '2016-08-21 14:03:12'),
(929, 52, 2130706433, '2016-08-21 14:04:07'),
(930, 52, 2130706433, '2016-08-21 14:06:53'),
(931, 52, 2130706433, '2016-08-21 14:13:55'),
(932, 52, 2130706433, '2016-08-21 14:20:54'),
(933, 52, 2130706433, '2016-08-21 14:21:51'),
(934, 52, 2130706433, '2016-08-21 14:21:51'),
(935, 52, 2130706433, '2016-08-21 14:25:30'),
(936, 52, 2130706433, '2016-08-21 14:25:33'),
(937, 52, 2130706433, '2016-08-21 14:25:36'),
(938, 52, 2130706433, '2016-08-21 14:25:46'),
(939, 52, 2130706433, '2016-08-21 14:30:34'),
(940, 52, 2130706433, '2016-08-21 14:30:35'),
(941, 52, 2130706433, '2016-08-21 14:30:35'),
(942, 52, 2130706433, '2016-08-21 14:30:38'),
(943, 52, 2130706433, '2016-08-21 14:30:42'),
(944, 52, 2130706433, '2016-08-21 14:31:18'),
(945, 52, 2130706433, '2016-08-21 14:31:19'),
(946, 52, 2130706433, '2016-08-21 14:35:09'),
(947, 52, 2130706433, '2016-08-21 14:35:52'),
(948, 52, 2130706433, '2016-08-21 14:36:39'),
(949, 52, 2130706433, '2016-08-21 14:36:40'),
(950, 52, 2130706433, '2016-08-21 14:36:49'),
(951, 52, 2130706433, '2016-08-21 14:37:51'),
(952, 52, 2130706433, '2016-08-21 14:38:30'),
(953, 52, 2130706433, '2016-08-21 14:40:46'),
(954, 52, 2130706433, '2016-08-21 14:41:32'),
(955, 52, 2130706433, '2016-08-21 14:42:27'),
(956, 52, 2130706433, '2016-08-21 14:43:18'),
(957, 52, 2130706433, '2016-08-21 14:43:56'),
(958, 52, 2130706433, '2016-08-21 14:45:30'),
(959, 52, 2130706433, '2016-08-21 14:45:57'),
(960, 52, 2130706433, '2016-08-21 14:46:27'),
(961, 52, 2130706433, '2016-08-21 14:46:28'),
(962, 52, 2130706433, '2016-08-21 14:48:30'),
(963, 52, 2130706433, '2016-08-21 14:49:46'),
(964, 52, 2130706433, '2016-08-21 14:51:11'),
(965, 52, 2130706433, '2016-08-21 14:51:36'),
(966, 52, 2130706433, '2016-08-21 14:51:54'),
(967, 52, 2130706433, '2016-08-21 14:51:55'),
(968, 52, 2130706433, '2016-08-21 14:52:33'),
(969, 52, 2130706433, '2016-08-21 14:57:31'),
(970, 52, 2130706433, '2016-08-21 14:59:26'),
(971, 52, 2130706433, '2016-08-21 15:00:26'),
(972, 52, 2130706433, '2016-08-21 15:01:19'),
(973, 52, 2130706433, '2016-08-21 15:01:26'),
(974, 52, 2130706433, '2016-08-21 15:01:26'),
(975, 52, 2130706433, '2016-08-21 15:01:26'),
(976, 52, 2130706433, '2016-08-21 15:01:36'),
(977, 52, 2130706433, '2016-08-21 15:02:15'),
(978, 52, 2130706433, '2016-08-21 15:02:54'),
(979, 52, 2130706433, '2016-08-21 15:06:56'),
(980, 52, 2130706433, '2016-08-21 15:09:08'),
(981, 52, 2130706433, '2016-08-21 15:13:08'),
(982, 52, 2130706433, '2016-08-21 15:13:44'),
(983, 52, 2130706433, '2016-08-21 15:19:59'),
(984, 52, 2130706433, '2016-08-21 15:25:46'),
(985, 52, 2130706433, '2016-08-21 15:26:10'),
(986, 52, 2130706433, '2016-08-21 15:28:46'),
(987, 52, 2130706433, '2016-08-21 15:36:50'),
(988, 52, 2130706433, '2016-08-21 15:40:59'),
(989, 52, 2130706433, '2016-08-21 15:41:02'),
(990, 52, 2130706433, '2016-08-21 15:43:01'),
(991, 52, 2130706433, '2016-08-21 15:43:31'),
(992, 52, 2130706433, '2016-08-21 15:43:46'),
(993, 52, 2130706433, '2016-08-21 15:44:37'),
(994, 52, 2130706433, '2016-08-21 15:44:50'),
(995, 52, 2130706433, '2016-08-21 15:46:09'),
(996, 52, 2130706433, '2016-08-21 15:46:51'),
(997, 52, 2130706433, '2016-08-21 15:48:16'),
(998, 52, 2130706433, '2016-08-21 15:48:16'),
(999, 52, 2130706433, '2016-08-21 15:54:03'),
(1000, 52, 2130706433, '2016-08-21 15:54:40'),
(1001, 52, 2130706433, '2016-08-21 15:54:42'),
(1002, 52, 2130706433, '2016-08-21 15:54:50'),
(1003, 52, 2130706433, '2016-08-21 15:55:48'),
(1004, 52, 2130706433, '2016-08-21 15:57:24'),
(1005, 52, 2130706433, '2016-08-21 15:57:39'),
(1006, 52, 2130706433, '2016-08-21 15:58:03'),
(1007, 52, 2130706433, '2016-08-21 15:59:44'),
(1008, 52, 2130706433, '2016-08-21 15:59:46'),
(1009, 25, 2130706433, '2016-08-21 16:00:00'),
(1010, 25, 2130706433, '2016-08-21 16:01:30'),
(1011, 25, 2130706433, '2016-08-21 16:02:12'),
(1012, 25, 2130706433, '2016-08-21 16:02:21'),
(1013, 25, 2130706433, '2016-08-21 16:02:26'),
(1014, 25, 2130706433, '2016-08-21 16:03:27'),
(1015, 25, 2130706433, '2016-08-21 16:04:38'),
(1016, 52, 2130706433, '2016-08-21 16:05:20'),
(1017, 25, 2130706433, '2016-08-21 16:05:27'),
(1018, 25, 2130706433, '2016-08-21 16:08:45'),
(1019, 25, 2130706433, '2016-08-21 16:09:33'),
(1020, 25, 2130706433, '2016-08-21 16:13:17'),
(1021, 25, 2130706433, '2016-08-21 16:13:34'),
(1022, 25, 2130706433, '2016-08-21 16:14:10'),
(1023, 52, 2130706433, '2016-08-21 16:14:41'),
(1024, 52, 2130706433, '2016-08-21 16:14:41'),
(1025, 52, 2130706433, '2016-08-21 16:14:54'),
(1026, 52, 2130706433, '2016-08-21 16:14:55'),
(1027, 52, 2130706433, '2016-08-21 16:15:03'),
(1028, 52, 2130706433, '2016-08-21 16:17:38'),
(1029, 52, 2130706433, '2016-08-21 16:18:01'),
(1030, 25, 2130706433, '2016-08-21 16:18:43'),
(1031, 25, 2130706433, '2016-08-21 16:18:44'),
(1032, 25, 2130706433, '2016-08-21 16:19:16'),
(1033, 25, 2130706433, '2016-08-21 16:19:47'),
(1034, 25, 2130706433, '2016-08-21 16:19:47'),
(1035, 25, 2130706433, '2016-08-21 16:20:34'),
(1036, 25, 2130706433, '2016-08-21 16:21:00'),
(1037, 25, 2130706433, '2016-08-21 16:22:13'),
(1038, 25, 2130706433, '2016-08-21 16:23:11'),
(1039, 25, 2130706433, '2016-08-21 16:24:50'),
(1040, 25, 2130706433, '2016-08-21 16:26:44'),
(1041, 25, 2130706433, '2016-08-21 16:32:26'),
(1042, 25, 2130706433, '2016-08-21 16:33:15'),
(1043, 25, 2130706433, '2016-08-21 16:36:58'),
(1044, 25, 2130706433, '2016-08-21 16:37:28'),
(1045, 25, 2130706433, '2016-08-21 16:37:28'),
(1046, 25, 2130706433, '2016-08-21 16:37:54'),
(1047, 25, 2130706433, '2016-08-21 16:37:54'),
(1048, 25, 2130706433, '2016-08-21 16:38:36'),
(1049, 25, 2130706433, '2016-08-21 16:38:44'),
(1050, 25, 2130706433, '2016-08-21 16:39:54'),
(1051, 25, 2130706433, '2016-08-21 16:40:50'),
(1052, 25, 2130706433, '2016-08-21 16:40:52'),
(1053, 25, 2130706433, '2016-08-21 16:40:52'),
(1054, 25, 2130706433, '2016-08-21 16:40:55'),
(1055, 25, 2130706433, '2016-08-21 16:40:57'),
(1056, 25, 2130706433, '2016-08-21 16:41:01'),
(1057, 25, 2130706433, '2016-08-21 16:41:08'),
(1058, 25, 2130706433, '2016-08-21 16:41:16'),
(1059, 25, 2130706433, '2016-08-21 16:41:18'),
(1060, 25, 2130706433, '2016-08-21 16:41:20'),
(1061, 25, 2130706433, '2016-08-21 16:41:25'),
(1062, 25, 2130706433, '2016-08-21 16:41:29'),
(1063, 25, 2130706433, '2016-08-21 16:41:55'),
(1064, 25, 2130706433, '2016-08-21 16:41:57'),
(1065, 25, 2130706433, '2016-08-21 16:42:20'),
(1066, 25, 2130706433, '2016-08-21 16:42:22'),
(1067, 25, 2130706433, '2016-08-21 16:42:44'),
(1068, 25, 2130706433, '2016-08-21 16:42:46'),
(1069, 25, 2130706433, '2016-08-21 16:44:52'),
(1070, 25, 2130706433, '2016-08-21 16:45:17'),
(1071, 25, 2130706433, '2016-08-21 16:45:22'),
(1072, 25, 2130706433, '2016-08-21 16:45:42'),
(1073, 25, 2130706433, '2016-08-21 16:45:44'),
(1074, 25, 2130706433, '2016-08-21 16:45:51'),
(1075, 25, 2130706433, '2016-08-21 16:45:53'),
(1076, 25, 2130706433, '2016-08-21 16:45:58'),
(1077, 25, 2130706433, '2016-08-21 16:46:18'),
(1078, 25, 2130706433, '2016-08-21 16:46:34'),
(1079, 25, 2130706433, '2016-08-21 16:46:46'),
(1080, 25, 2130706433, '2016-08-21 16:47:13'),
(1081, 25, 2130706433, '2016-08-21 16:47:13'),
(1082, 25, 2130706433, '2016-08-21 16:49:25'),
(1083, 25, 2130706433, '2016-08-21 16:49:25'),
(1084, 25, 2130706433, '2016-08-21 16:49:44'),
(1085, 25, 2130706433, '2016-08-21 17:03:44'),
(1086, 25, 2130706433, '2016-08-21 17:03:53'),
(1087, 25, 2130706433, '2016-08-21 17:04:20'),
(1088, 25, 2130706433, '2016-08-21 17:04:22'),
(1089, 25, 2130706433, '2016-08-21 17:04:29'),
(1090, 25, 2130706433, '2016-08-21 17:13:13'),
(1091, 25, 2130706433, '2016-08-21 17:14:34'),
(1092, 25, 2130706433, '2016-08-21 17:14:57'),
(1093, 25, 2130706433, '2016-08-21 17:14:58'),
(1094, 25, 2130706433, '2016-08-21 17:16:52'),
(1095, 25, 2130706433, '2016-08-21 17:19:23'),
(1096, 25, 2130706433, '2016-08-21 17:19:49'),
(1097, 25, 2130706433, '2016-08-21 17:19:49'),
(1098, 25, 2130706433, '2016-08-21 17:20:12'),
(1099, 25, 2130706433, '2016-08-21 17:20:12'),
(1100, 25, 2130706433, '2016-08-21 17:20:23'),
(1101, 25, 2130706433, '2016-08-21 17:20:23'),
(1102, 25, 2130706433, '2016-08-21 17:20:31'),
(1103, 25, 2130706433, '2016-08-21 17:20:31'),
(1104, 25, 2130706433, '2016-08-21 17:23:27'),
(1105, 25, 2130706433, '2016-08-21 17:23:57'),
(1106, 25, 2130706433, '2016-08-21 17:26:23'),
(1107, 25, 2130706433, '2016-08-21 17:26:24'),
(1108, 25, 2130706433, '2016-08-21 17:28:01'),
(1109, 25, 2130706433, '2016-08-21 17:28:04'),
(1110, 25, 2130706433, '2016-08-21 17:29:49'),
(1111, 25, 2130706433, '2016-08-21 17:30:25'),
(1112, 25, 2130706433, '2016-08-21 17:32:11'),
(1113, 25, 2130706433, '2016-08-21 17:32:36'),
(1114, 25, 2130706433, '2016-08-21 17:32:45'),
(1115, 25, 2130706433, '2016-08-21 17:34:12'),
(1116, 25, 2130706433, '2016-08-21 17:34:12'),
(1117, 25, 2130706433, '2016-08-21 17:34:29'),
(1118, 25, 2130706433, '2016-08-21 17:34:40'),
(1119, 25, 2130706433, '2016-08-21 17:34:41'),
(1120, 25, 2130706433, '2016-08-21 17:35:23'),
(1121, 25, 2130706433, '2016-08-21 17:38:42'),
(1122, 25, 2130706433, '2016-08-21 17:48:31'),
(1123, 25, 2130706433, '2016-08-21 17:48:33'),
(1124, 25, 2130706433, '2016-08-21 17:50:40'),
(1125, 25, 2130706433, '2016-08-21 17:50:42'),
(1126, 25, 2130706433, '2016-08-21 17:53:24'),
(1127, 25, 2130706433, '2016-08-21 17:53:26'),
(1128, 25, 2130706433, '2016-08-21 17:53:56'),
(1129, 25, 2130706433, '2016-08-21 17:54:39'),
(1130, 25, 2130706433, '2016-08-21 17:54:39'),
(1131, 25, 2130706433, '2016-08-21 17:55:08'),
(1132, 25, 2130706433, '2016-08-21 17:55:21'),
(1133, 25, 2130706433, '2016-08-21 17:55:22'),
(1134, 25, 2130706433, '2016-08-21 17:55:37'),
(1135, 25, 2130706433, '2016-08-21 17:55:37'),
(1136, 25, 2130706433, '2016-08-21 17:55:51'),
(1137, 25, 2130706433, '2016-08-21 18:06:08'),
(1138, 25, 2130706433, '2016-08-21 18:06:53'),
(1139, 25, 2130706433, '2016-08-21 18:07:22'),
(1140, 25, 2130706433, '2016-08-21 18:07:22'),
(1141, 25, 2130706433, '2016-08-21 18:15:50'),
(1142, 25, 2130706433, '2016-08-21 18:15:56'),
(1143, 25, 2130706433, '2016-08-21 18:15:56'),
(1144, 25, 2130706433, '2016-08-21 18:16:05'),
(1145, 25, 2130706433, '2016-08-21 18:16:05'),
(1146, 25, 2130706433, '2016-08-21 18:16:54'),
(1147, 25, 2130706433, '2016-08-21 18:17:33'),
(1148, 25, 2130706433, '2016-08-21 18:22:47'),
(1149, 25, 2130706433, '2016-08-21 18:24:18'),
(1150, 25, 2130706433, '2016-08-21 18:26:15'),
(1151, 25, 2130706433, '2016-08-21 18:27:10'),
(1152, 25, 2130706433, '2016-08-21 18:27:17'),
(1153, 25, 2130706433, '2016-08-21 18:27:32'),
(1154, 25, 2130706433, '2016-08-21 18:27:34'),
(1155, 25, 2130706433, '2016-08-21 18:27:35'),
(1156, 25, 2130706433, '2016-08-21 18:30:48'),
(1157, 25, 2130706433, '2016-08-21 18:44:38'),
(1158, 25, 2130706433, '2016-08-21 18:44:55'),
(1159, 25, 2130706433, '2016-08-21 18:44:57'),
(1160, 25, 2130706433, '2016-08-21 18:47:48'),
(1161, 25, 2130706433, '2016-08-21 19:06:33'),
(1162, 25, 2130706433, '2016-08-21 19:06:34'),
(1163, 25, 2130706433, '2016-08-21 19:06:44'),
(1164, 25, 2130706433, '2016-08-21 19:07:10'),
(1165, 25, 2130706433, '2016-08-21 19:08:08'),
(1166, 25, 2130706433, '2016-08-21 19:08:24'),
(1167, 25, 2130706433, '2016-08-21 19:08:53'),
(1168, 25, 2130706433, '2016-08-21 19:09:26'),
(1169, 25, 2130706433, '2016-08-21 19:09:27'),
(1170, 25, 2130706433, '2016-08-21 19:11:25'),
(1171, 25, 2130706433, '2016-08-21 19:11:39'),
(1172, 25, 2130706433, '2016-08-21 19:11:39'),
(1173, 25, 2130706433, '2016-08-21 19:23:17'),
(1174, 25, 2130706433, '2016-08-21 19:23:22'),
(1175, 25, 2130706433, '2016-08-21 19:23:22'),
(1176, 25, 2130706433, '2016-08-21 19:24:08'),
(1177, 25, 2130706433, '2016-08-21 19:24:17'),
(1178, 25, 2130706433, '2016-08-21 19:24:17'),
(1179, 25, 2130706433, '2016-08-21 19:24:57'),
(1180, 25, 2130706433, '2016-08-21 19:25:06'),
(1181, 25, 2130706433, '2016-08-21 19:25:06'),
(1182, 25, 2130706433, '2016-08-21 19:25:21'),
(1183, 25, 2130706433, '2016-08-21 19:25:21'),
(1184, 25, 2130706433, '2016-08-21 19:28:57'),
(1185, 25, 2130706433, '2016-08-21 19:29:12'),
(1186, 25, 2130706433, '2016-08-21 19:29:29'),
(1187, 25, 2130706433, '2016-08-21 19:31:30'),
(1188, 25, 2130706433, '2016-08-21 19:31:30'),
(1189, 25, 2130706433, '2016-08-21 19:31:35'),
(1190, 25, 2130706433, '2016-08-21 19:31:35'),
(1191, 25, 2130706433, '2016-08-21 19:32:08'),
(1192, 25, 2130706433, '2016-08-21 19:32:11'),
(1193, 25, 2130706433, '2016-08-21 19:32:11'),
(1194, 25, 2130706433, '2016-08-21 19:42:17'),
(1195, 25, 2130706433, '2016-08-21 19:42:18'),
(1196, 25, 2130706433, '2016-08-21 19:42:18'),
(1197, 25, 2130706433, '2016-08-21 19:42:18'),
(1198, 25, 2130706433, '2016-08-21 19:42:20'),
(1199, 25, 2130706433, '2016-08-21 19:42:58'),
(1200, 25, 2130706433, '2016-08-21 19:44:59'),
(1201, 25, 2130706433, '2016-08-21 19:45:09'),
(1202, 25, 2130706433, '2016-08-21 19:45:31'),
(1203, 25, 2130706433, '2016-08-21 19:46:05'),
(1204, 25, 2130706433, '2016-08-21 19:46:15'),
(1205, 25, 2130706433, '2016-08-21 19:48:56'),
(1206, 25, 2130706433, '2016-08-21 19:48:57'),
(1207, 25, 2130706433, '2016-08-21 19:49:01'),
(1208, 25, 2130706433, '2016-08-21 19:49:09'),
(1209, 25, 2130706433, '2016-08-21 19:51:31'),
(1210, 25, 2130706433, '2016-08-21 19:51:39'),
(1211, 25, 2130706433, '2016-08-21 19:51:42'),
(1212, 25, 2130706433, '2016-08-21 19:52:45'),
(1213, 25, 2130706433, '2016-08-21 19:52:53'),
(1214, 25, 2130706433, '2016-08-21 19:53:27'),
(1215, 25, 2130706433, '2016-08-21 19:54:20'),
(1216, 25, 2130706433, '2016-08-21 19:54:28'),
(1217, 25, 2130706433, '2016-08-21 19:58:47'),
(1218, 25, 2130706433, '2016-08-21 20:00:50'),
(1219, 25, 2130706433, '2016-08-21 20:00:59'),
(1220, 25, 2130706433, '2016-08-21 20:02:09'),
(1221, 25, 2130706433, '2016-08-21 20:02:11'),
(1222, 25, 2130706433, '2016-08-21 20:03:37'),
(1223, 25, 2130706433, '2016-08-21 20:03:46'),
(1224, 25, 2130706433, '2016-08-21 20:04:42'),
(1225, 25, 2130706433, '2016-08-21 20:04:43'),
(1226, 25, 2130706433, '2016-08-21 20:04:43'),
(1227, 25, 2130706433, '2016-08-21 20:04:44'),
(1228, 25, 2130706433, '2016-08-21 20:04:44'),
(1229, 25, 2130706433, '2016-08-21 20:04:47'),
(1230, 25, 2130706433, '2016-08-21 20:04:55'),
(1231, 25, 2130706433, '2016-08-21 20:05:53'),
(1232, 25, 2130706433, '2016-08-21 20:11:18'),
(1233, 25, 2130706433, '2016-08-21 20:11:30'),
(1234, 25, 2130706433, '2016-08-21 20:12:06'),
(1235, 25, 2130706433, '2016-08-21 20:12:06'),
(1236, 25, 2130706433, '2016-08-21 20:12:09'),
(1237, 25, 2130706433, '2016-08-21 20:12:19'),
(1238, 25, 2130706433, '2016-08-21 20:12:43'),
(1239, 25, 2130706433, '2016-08-21 20:13:30'),
(1240, 25, 2130706433, '2016-08-21 20:13:38'),
(1241, 25, 2130706433, '2016-08-21 20:13:44'),
(1242, 25, 2130706433, '2016-08-21 20:13:46'),
(1243, 25, 2130706433, '2016-08-21 20:13:54'),
(1244, 25, 2130706433, '2016-08-21 20:13:58'),
(1245, 25, 2130706433, '2016-08-21 20:14:46'),
(1246, 25, 2130706433, '2016-08-21 20:14:53'),
(1247, 25, 2130706433, '2016-08-21 20:18:18'),
(1248, 25, 2130706433, '2016-08-21 20:18:19'),
(1249, 25, 2130706433, '2016-08-21 20:19:49'),
(1250, 25, 2130706433, '2016-08-21 20:19:49'),
(1251, 25, 2130706433, '2016-08-21 20:19:50'),
(1252, 25, 2130706433, '2016-08-21 20:19:50'),
(1253, 25, 2130706433, '2016-08-21 20:19:50'),
(1254, 25, 2130706433, '2016-08-21 20:19:50'),
(1255, 25, 2130706433, '2016-08-21 20:22:14'),
(1256, 25, 2130706433, '2016-08-21 20:22:15'),
(1257, 25, 2130706433, '2016-08-21 20:22:15'),
(1258, 25, 2130706433, '2016-08-21 20:22:17'),
(1259, 25, 2130706433, '2016-08-21 20:22:18'),
(1260, 25, 2130706433, '2016-08-21 20:22:23'),
(1261, 25, 2130706433, '2016-08-21 20:22:24'),
(1262, 25, 2130706433, '2016-08-21 20:22:34'),
(1263, 25, 2130706433, '2016-08-21 20:22:35'),
(1264, 25, 2130706433, '2016-08-21 20:22:48'),
(1265, 25, 2130706433, '2016-08-21 20:23:11'),
(1266, 25, 2130706433, '2016-08-21 20:25:32'),
(1267, 25, 2130706433, '2016-08-21 20:25:39'),
(1268, 25, 2130706433, '2016-08-21 20:25:41'),
(1269, 25, 2130706433, '2016-08-21 20:25:49'),
(1270, 25, 2130706433, '2016-08-21 20:26:52'),
(1271, 25, 2130706433, '2016-08-21 20:26:59'),
(1272, 25, 2130706433, '2016-08-21 20:29:46'),
(1273, 25, 2130706433, '2016-08-21 20:29:47'),
(1274, 25, 2130706433, '2016-08-21 20:29:49'),
(1275, 25, 2130706433, '2016-08-21 20:29:57'),
(1276, 25, 2130706433, '2016-08-21 20:30:46'),
(1277, 25, 2130706433, '2016-08-21 20:30:48'),
(1278, 25, 2130706433, '2016-08-21 20:30:54'),
(1279, 25, 2130706433, '2016-08-21 20:31:15'),
(1280, 25, 2130706433, '2016-08-21 20:31:16'),
(1281, 25, 2130706433, '2016-08-21 20:31:24'),
(1282, 25, 2130706433, '2016-08-21 20:31:53'),
(1283, 25, 2130706433, '2016-08-21 20:32:06'),
(1284, 25, 2130706433, '2016-08-21 20:33:41'),
(1285, 25, 2130706433, '2016-08-21 20:33:43'),
(1286, 25, 2130706433, '2016-08-21 20:33:52'),
(1287, 25, 2130706433, '2016-08-21 20:34:29'),
(1288, 25, 2130706433, '2016-08-21 20:36:28'),
(1289, 25, 2130706433, '2016-08-21 20:40:47'),
(1290, 25, 2130706433, '2016-08-21 20:40:58'),
(1291, 25, 2130706433, '2016-08-21 20:46:16'),
(1292, 25, 2130706433, '2016-08-21 20:46:19'),
(1293, 25, 2130706433, '2016-08-21 20:46:28'),
(1294, 25, 2130706433, '2016-08-21 20:47:42'),
(1295, 25, 2130706433, '2016-08-21 20:47:43'),
(1296, 25, 2130706433, '2016-08-21 20:47:44'),
(1297, 25, 2130706433, '2016-08-21 20:49:19'),
(1298, 25, 2130706433, '2016-08-21 20:49:20'),
(1299, 25, 2130706433, '2016-08-21 20:49:21'),
(1300, 25, 2130706433, '2016-08-21 20:49:23'),
(1301, 25, 2130706433, '2016-08-21 20:55:18'),
(1302, 25, 2130706433, '2016-08-21 20:55:27'),
(1303, 25, 2130706433, '2016-08-21 20:55:34'),
(1304, 25, 2130706433, '2016-08-21 20:56:23'),
(1305, 25, 2130706433, '2016-08-21 20:56:34'),
(1306, 25, 2130706433, '2016-08-21 20:56:40'),
(1307, 25, 2130706433, '2016-08-21 20:56:51'),
(1308, 25, 2130706433, '2016-08-21 20:57:46'),
(1309, 25, 2130706433, '2016-08-21 20:57:53'),
(1310, 25, 2130706433, '2016-08-21 20:58:27'),
(1311, 25, 2130706433, '2016-08-21 20:58:33'),
(1312, 25, 2130706433, '2016-08-21 20:59:17'),
(1313, 25, 2130706433, '2016-08-21 20:59:21'),
(1314, 25, 2130706433, '2016-08-21 21:00:23'),
(1315, 25, 2130706433, '2016-08-21 21:00:27'),
(1316, 25, 2130706433, '2016-08-21 21:00:27'),
(1317, 25, 2130706433, '2016-08-21 21:01:09'),
(1318, 25, 2130706433, '2016-08-21 21:01:11'),
(1319, 25, 2130706433, '2016-08-21 21:01:15'),
(1320, 25, 2130706433, '2016-08-21 21:01:16'),
(1321, 25, 2130706433, '2016-08-21 21:01:21'),
(1322, 25, 2130706433, '2016-08-21 21:01:21'),
(1323, 25, 2130706433, '2016-08-21 21:03:14'),
(1324, 25, 2130706433, '2016-08-21 21:03:27'),
(1325, 25, 2130706433, '2016-08-21 21:03:34'),
(1326, 25, 2130706433, '2016-08-21 21:03:58'),
(1327, 25, 2130706433, '2016-08-21 21:04:54'),
(1328, 25, 2130706433, '2016-08-21 21:07:05'),
(1329, 25, 2130706433, '2016-08-21 21:07:52'),
(1330, 25, 2130706433, '2016-08-21 21:08:42'),
(1331, 25, 2130706433, '2016-08-21 21:09:41'),
(1332, 25, 2130706433, '2016-08-21 21:09:42'),
(1333, 25, 2130706433, '2016-08-21 21:10:13'),
(1334, 25, 2130706433, '2016-08-21 21:11:06'),
(1335, 25, 2130706433, '2016-08-21 21:11:52'),
(1336, 25, 2130706433, '2016-08-21 21:11:54'),
(1337, 25, 2130706433, '2016-08-21 21:14:17'),
(1338, 25, 2130706433, '2016-08-21 21:15:56'),
(1339, 25, 2130706433, '2016-08-21 21:16:31'),
(1340, 25, 2130706433, '2016-08-21 21:16:32'),
(1341, 25, 2130706433, '2016-08-21 21:16:45'),
(1342, 25, 2130706433, '2016-08-21 21:16:46'),
(1343, 25, 2130706433, '2016-08-21 21:17:47'),
(1344, 25, 2130706433, '2016-08-21 21:18:33'),
(1345, 25, 2130706433, '2016-08-21 21:19:25'),
(1346, 25, 2130706433, '2016-08-21 21:21:05'),
(1347, 25, 2130706433, '2016-08-21 21:21:51'),
(1348, 25, 2130706433, '2016-08-21 21:25:08'),
(1349, 25, 2130706433, '2016-08-21 21:25:36'),
(1350, 25, 2130706433, '2016-08-21 21:26:45'),
(1351, 25, 2130706433, '2016-08-21 21:28:27'),
(1352, 25, 2130706433, '2016-08-21 21:28:46'),
(1353, 25, 2130706433, '2016-08-21 21:29:15'),
(1354, 25, 2130706433, '2016-08-21 21:34:48'),
(1355, 25, 2130706433, '2016-08-21 21:41:57'),
(1356, 25, 2130706433, '2016-08-21 21:44:32'),
(1357, 25, 2130706433, '2016-08-21 21:45:16'),
(1358, 25, 2130706433, '2016-08-21 21:45:17'),
(1359, 25, 2130706433, '2016-08-21 21:51:50'),
(1360, 25, 2130706433, '2016-08-21 21:52:43'),
(1361, 25, 2130706433, '2016-08-21 21:54:26'),
(1362, 25, 2130706433, '2016-08-21 21:56:52'),
(1363, 25, 2130706433, '2016-08-21 21:57:11'),
(1364, 25, 2130706433, '2016-08-21 21:57:12'),
(1365, 25, 2130706433, '2016-08-21 21:57:56'),
(1366, 25, 2130706433, '2016-08-21 21:58:27'),
(1367, 25, 2130706433, '2016-08-21 21:58:28'),
(1368, 25, 2130706433, '2016-08-21 22:00:04'),
(1369, 25, 2130706433, '2016-08-21 22:03:48'),
(1370, 25, 2130706433, '2016-08-21 22:04:33'),
(1371, 25, 2130706433, '2016-08-21 22:06:34'),
(1372, 25, 2130706433, '2016-08-21 22:07:26'),
(1373, 25, 2130706433, '2016-08-21 22:09:45'),
(1374, 25, 2130706433, '2016-08-21 22:11:02'),
(1375, 25, 2130706433, '2016-08-21 22:11:36'),
(1376, 25, 2130706433, '2016-08-21 22:12:19'),
(1377, 25, 2130706433, '2016-08-21 22:13:55'),
(1378, 25, 2130706433, '2016-08-21 22:14:06'),
(1379, 25, 2130706433, '2016-08-21 22:14:17'),
(1380, 25, 2130706433, '2016-08-21 22:14:19'),
(1381, 25, 2130706433, '2016-08-21 22:14:36'),
(1382, 25, 2130706433, '2016-08-21 22:14:38'),
(1383, 25, 2130706433, '2016-08-21 22:16:52'),
(1384, 25, 2130706433, '2016-08-21 22:17:51'),
(1385, 25, 2130706433, '2016-08-21 22:17:51'),
(1386, 25, 2130706433, '2016-08-21 22:19:22'),
(1387, 25, 2130706433, '2016-08-21 22:19:22'),
(1388, 25, 2130706433, '2016-08-21 22:24:03'),
(1389, 25, 2130706433, '2016-08-21 22:24:19'),
(1390, 25, 2130706433, '2016-08-21 22:24:19'),
(1391, 25, 2130706433, '2016-08-21 22:43:20'),
(1392, 25, 2130706433, '2016-08-21 22:47:29'),
(1393, 25, 2130706433, '2016-08-21 22:55:28'),
(1394, 25, 2130706433, '2016-08-21 22:56:04'),
(1395, 25, 2130706433, '2016-08-21 22:57:03'),
(1396, 25, 2130706433, '2016-08-21 23:00:04'),
(1397, 25, 2130706433, '2016-08-21 23:05:45'),
(1398, 25, 2130706433, '2016-08-21 23:07:24'),
(1399, 25, 2130706433, '2016-08-21 23:07:33'),
(1400, 25, 2130706433, '2016-08-21 23:08:21'),
(1401, 25, 2130706433, '2016-08-21 23:09:19'),
(1402, 25, 2130706433, '2016-08-21 23:11:06'),
(1403, 25, 2130706433, '2016-08-21 23:11:10'),
(1404, 25, 2130706433, '2016-08-21 23:11:16'),
(1405, 52, 2130706433, '2016-08-21 23:14:02'),
(1406, 25, 2130706433, '2016-08-21 23:14:25'),
(1407, 25, 2130706433, '2016-08-21 23:21:33'),
(1408, 25, 2130706433, '2016-08-21 23:26:33'),
(1409, 25, 2130706433, '2016-08-21 23:26:38'),
(1410, 25, 2130706433, '2016-08-21 23:27:09'),
(1411, 25, 2130706433, '2016-08-21 23:27:10'),
(1412, 25, 2130706433, '2016-08-21 23:27:12'),
(1413, 25, 2130706433, '2016-08-21 23:27:18'),
(1414, 25, 2130706433, '2016-08-21 23:27:49'),
(1415, 25, 2130706433, '2016-08-21 23:27:50'),
(1416, 25, 2130706433, '2016-08-21 23:28:05'),
(1417, 25, 2130706433, '2016-08-21 23:28:06'),
(1418, 25, 2130706433, '2016-08-21 23:28:17'),
(1419, 25, 2130706433, '2016-08-21 23:28:18'),
(1420, 25, 2130706433, '2016-08-21 23:30:37'),
(1421, 25, 2130706433, '2016-08-21 23:30:40'),
(1422, 25, 2130706433, '2016-08-21 23:30:53'),
(1423, 25, 2130706433, '2016-08-21 23:31:14'),
(1424, 25, 2130706433, '2016-08-21 23:34:30'),
(1425, 25, 2130706433, '2016-08-21 23:36:21'),
(1426, 25, 2130706433, '2016-08-21 23:36:54'),
(1427, 25, 2130706433, '2016-08-21 23:37:20'),
(1428, 25, 2130706433, '2016-08-21 23:42:58'),
(1429, 25, 2130706433, '2016-08-21 23:48:57'),
(1430, 25, 2130706433, '2016-08-21 23:49:13'),
(1431, 25, 2130706433, '2016-08-22 00:01:13'),
(1432, 25, 2130706433, '2016-08-22 00:07:52'),
(1433, 25, 2130706433, '2016-08-22 00:08:10'),
(1434, 25, 2130706433, '2016-08-22 00:08:17'),
(1435, 25, 2130706433, '2016-08-22 00:08:40'),
(1436, 25, 2130706433, '2016-08-22 00:14:51'),
(1437, 25, 2130706433, '2016-08-22 00:15:19'),
(1438, 25, 2130706433, '2016-08-22 00:15:42'),
(1439, 25, 2130706433, '2016-08-22 00:16:25'),
(1440, 25, 2130706433, '2016-08-22 00:16:39'),
(1441, 25, 2130706433, '2016-08-22 00:18:01'),
(1442, 25, 2130706433, '2016-08-22 00:18:58'),
(1443, 25, 2130706433, '2016-08-22 00:19:13'),
(1444, 25, 2130706433, '2016-08-22 00:19:34'),
(1445, 25, 2130706433, '2016-08-22 00:20:38'),
(1446, 25, 2130706433, '2016-08-22 00:27:27'),
(1447, 25, 2130706433, '2016-08-22 00:27:27'),
(1448, 25, 2130706433, '2016-08-22 00:41:08'),
(1449, 25, 2130706433, '2016-08-22 00:41:52'),
(1450, 25, 2130706433, '2016-08-22 00:43:26'),
(1451, 25, 2130706433, '2016-08-22 00:43:45'),
(1452, 25, 2130706433, '2016-08-22 00:44:06'),
(1453, 25, 2130706433, '2016-08-22 00:46:11'),
(1454, 25, 2130706433, '2016-08-22 00:48:04'),
(1455, 25, 2130706433, '2016-08-22 00:49:05'),
(1456, 25, 2130706433, '2016-08-22 00:49:09'),
(1457, 25, 2130706433, '2016-08-22 00:52:18'),
(1458, 25, 2130706433, '2016-08-22 00:52:41'),
(1459, 25, 2130706433, '2016-08-22 00:56:53'),
(1460, 25, 2130706433, '2016-08-22 00:57:13'),
(1461, 25, 2130706433, '2016-08-22 00:57:14'),
(1462, 25, 2130706433, '2016-08-22 00:58:11'),
(1463, 25, 2130706433, '2016-08-22 00:59:45'),
(1464, 25, 2130706433, '2016-08-22 00:59:57'),
(1465, 25, 2130706433, '2016-08-22 00:59:58'),
(1466, 25, 2130706433, '2016-08-22 00:59:59'),
(1467, 25, 2130706433, '2016-08-22 01:00:24'),
(1468, 25, 2130706433, '2016-08-22 01:01:27'),
(1469, 25, 2130706433, '2016-08-22 01:01:28'),
(1470, 25, 2130706433, '2016-08-22 01:01:45'),
(1471, 25, 2130706433, '2016-08-22 01:02:30'),
(1472, 25, 2130706433, '2016-08-22 01:04:46'),
(1473, 25, 2130706433, '2016-08-22 01:05:10'),
(1474, 25, 2130706433, '2016-08-22 01:08:21'),
(1475, 25, 2130706433, '2016-08-22 01:08:49'),
(1476, 25, 2130706433, '2016-08-22 01:08:52'),
(1477, 25, 2130706433, '2016-08-22 01:09:36'),
(1478, 25, 2130706433, '2016-08-22 01:15:35'),
(1479, 25, 2130706433, '2016-08-22 01:16:00'),
(1480, 25, 2130706433, '2016-08-22 01:18:44'),
(1481, 25, 2130706433, '2016-08-22 01:20:21'),
(1482, 25, 2130706433, '2016-08-22 01:23:22'),
(1483, 25, 2130706433, '2016-08-22 01:25:15'),
(1484, 25, 2130706433, '2016-08-22 01:26:14'),
(1485, 25, 2130706433, '2016-08-22 01:29:19'),
(1486, 25, 2130706433, '2016-08-22 01:31:19'),
(1487, 25, 2130706433, '2016-08-22 01:33:56'),
(1488, 25, 2130706433, '2016-08-22 01:34:39'),
(1489, 25, 2130706433, '2016-08-22 01:34:49'),
(1490, 25, 2130706433, '2016-08-22 01:35:49'),
(1491, 25, 2130706433, '2016-08-22 01:36:23'),
(1492, 25, 2130706433, '2016-08-22 01:36:50'),
(1493, 25, 2130706433, '2016-08-22 01:39:02'),
(1494, 25, 2130706433, '2016-08-22 14:20:47'),
(1495, 25, 2130706433, '2016-08-22 14:22:40'),
(1496, 25, 2130706433, '2016-08-22 14:24:40'),
(1497, 25, 2130706433, '2016-08-22 14:25:30'),
(1498, 25, 2130706433, '2016-08-22 14:25:33'),
(1499, 25, 2130706433, '2016-08-22 14:26:06'),
(1500, 25, 2130706433, '2016-08-22 14:26:39'),
(1501, 25, 2130706433, '2016-08-22 14:26:53'),
(1502, 25, 2130706433, '2016-08-22 14:27:31'),
(1503, 25, 2130706433, '2016-08-22 14:27:33'),
(1504, 25, 2130706433, '2016-08-22 14:28:38'),
(1505, 25, 2130706433, '2016-08-22 14:29:06'),
(1506, 25, 2130706433, '2016-08-22 14:29:45'),
(1507, 25, 2130706433, '2016-08-22 14:31:10'),
(1508, 25, 2130706433, '2016-08-22 14:32:03'),
(1509, 25, 2130706433, '2016-08-22 14:33:25'),
(1510, 25, 2130706433, '2016-08-22 14:33:40'),
(1511, 25, 2130706433, '2016-08-22 14:35:45'),
(1512, 25, 2130706433, '2016-08-22 14:35:47'),
(1513, 25, 2130706433, '2016-08-22 14:36:53'),
(1514, 25, 2130706433, '2016-08-22 14:36:56'),
(1515, 25, 2130706433, '2016-08-22 14:38:12'),
(1516, 25, 2130706433, '2016-08-22 14:38:41'),
(1517, 25, 2130706433, '2016-08-22 14:39:04'),
(1518, 25, 2130706433, '2016-08-22 14:40:24'),
(1519, 25, 2130706433, '2016-08-22 14:41:00'),
(1520, 25, 2130706433, '2016-08-22 14:44:42'),
(1521, 25, 2130706433, '2016-08-22 14:44:44'),
(1522, 25, 2130706433, '2016-08-22 14:44:58'),
(1523, 25, 2130706433, '2016-08-22 14:49:16'),
(1524, 25, 2130706433, '2016-08-22 14:50:21'),
(1525, 25, 2130706433, '2016-08-22 14:52:52'),
(1526, 25, 2130706433, '2016-08-22 14:53:42'),
(1527, 25, 2130706433, '2016-08-22 14:54:10'),
(1528, 25, 2130706433, '2016-08-22 14:58:31'),
(1530, 25, 2130706433, '2016-08-22 15:00:00'),
(1531, 25, 2130706433, '2016-08-22 15:07:40'),
(1532, 25, 2130706433, '2016-08-22 15:07:44'),
(1533, 25, 2130706433, '2016-08-22 15:07:44'),
(1534, 25, 2130706433, '2016-08-22 15:07:59'),
(1535, 25, 2130706433, '2016-08-22 15:09:54'),
(1536, 25, 2130706433, '2016-08-22 15:10:10'),
(1537, 25, 2130706433, '2016-08-22 15:15:20'),
(1538, 25, 2130706433, '2016-08-22 15:15:48'),
(1539, 25, 2130706433, '2016-08-22 15:16:39'),
(1540, 25, 2130706433, '2016-08-22 15:16:54'),
(1541, 25, 2130706433, '2016-08-22 15:20:03'),
(1542, 25, 2130706433, '2016-08-22 15:21:07'),
(1543, 25, 2130706433, '2016-08-22 15:23:21'),
(1544, 25, 2130706433, '2016-08-22 15:24:00'),
(1545, 25, 2130706433, '2016-08-22 15:25:35'),
(1546, 25, 2130706433, '2016-08-22 15:26:27'),
(1547, 25, 2130706433, '2016-08-22 15:27:38'),
(1548, 25, 2130706433, '2016-08-22 15:27:58'),
(1549, 25, 2130706433, '2016-08-22 15:27:59'),
(1550, 25, 2130706433, '2016-08-22 15:28:46'),
(1551, 25, 2130706433, '2016-08-22 15:30:13'),
(1552, 25, 2130706433, '2016-08-22 15:30:39'),
(1553, 25, 2130706433, '2016-08-22 15:34:23'),
(1554, 25, 2130706433, '2016-08-22 15:35:14'),
(1555, 25, 2130706433, '2016-08-22 15:36:24'),
(1556, 25, 2130706433, '2016-08-22 15:36:46'),
(1557, 25, 2130706433, '2016-08-22 15:37:57'),
(1558, 25, 2130706433, '2016-08-22 15:37:58'),
(1559, 25, 2130706433, '2016-08-22 15:38:26'),
(1560, 25, 2130706433, '2016-08-22 15:45:00'),
(1561, 25, 2130706433, '2016-08-22 15:45:05'),
(1562, 25, 2130706433, '2016-08-22 15:45:05'),
(1563, 25, 2130706433, '2016-08-22 15:45:17'),
(1564, 25, 2130706433, '2016-08-22 15:45:49'),
(1565, 25, 2130706433, '2016-08-22 15:49:39'),
(1566, 25, 2130706433, '2016-08-22 15:50:14'),
(1567, 25, 2130706433, '2016-08-22 15:51:39'),
(1568, 25, 2130706433, '2016-08-22 15:51:53'),
(1569, 25, 2130706433, '2016-08-22 15:58:47'),
(1570, 25, 2130706433, '2016-08-22 16:04:36'),
(1571, 25, 2130706433, '2016-08-22 16:04:36'),
(1572, 25, 2130706433, '2016-08-22 16:04:41'),
(1573, 25, 2130706433, '2016-08-22 16:07:49'),
(1574, 25, 2130706433, '2016-08-22 16:07:49'),
(1575, 25, 2130706433, '2016-08-22 16:13:56'),
(1576, 25, 2130706433, '2016-08-22 16:18:44'),
(1577, 25, 2130706433, '2016-08-22 16:20:03'),
(1578, 25, 2130706433, '2016-08-22 16:20:18'),
(1579, 25, 2130706433, '2016-08-22 16:21:04'),
(1580, 25, 2130706433, '2016-08-22 16:21:06'),
(1581, 25, 2130706433, '2016-08-22 16:22:11'),
(1582, 25, 2130706433, '2016-08-22 16:23:50'),
(1583, 25, 2130706433, '2016-08-22 16:25:14'),
(1584, 25, 2130706433, '2016-08-22 16:25:55'),
(1585, 25, 2130706433, '2016-08-22 16:26:42'),
(1586, 25, 2130706433, '2016-08-22 16:27:36'),
(1587, 25, 2130706433, '2016-08-22 16:31:35'),
(1588, 25, 2130706433, '2016-08-22 16:38:18'),
(1589, 25, 2130706433, '2016-08-22 16:45:24'),
(1590, 25, 2130706433, '2016-08-22 16:45:53'),
(1591, 25, 2130706433, '2016-08-22 16:47:16'),
(1592, 25, 2130706433, '2016-08-22 16:48:12'),
(1593, 52, 2130706433, '2016-08-22 17:09:56'),
(1594, 52, 2130706433, '2016-08-22 17:09:56'),
(1595, 52, 2130706433, '2016-08-22 17:13:07'),
(1596, 52, 2130706433, '2016-08-22 17:13:56'),
(1597, 52, 2130706433, '2016-08-22 17:14:40'),
(1598, 52, 2130706433, '2016-08-22 17:16:10'),
(1599, 52, 2130706433, '2016-08-22 17:16:50'),
(1600, 52, 2130706433, '2016-08-22 17:17:16'),
(1601, 52, 2130706433, '2016-08-22 17:17:40'),
(1602, 52, 2130706433, '2016-08-22 17:19:30'),
(1603, 52, 2130706433, '2016-08-22 17:20:43'),
(1604, 52, 2130706433, '2016-08-22 17:23:19'),
(1605, 52, 2130706433, '2016-08-22 17:23:43'),
(1606, 52, 2130706433, '2016-08-22 17:24:27'),
(1607, 52, 2130706433, '2016-08-22 17:24:41'),
(1608, 52, 2130706433, '2016-08-22 17:25:48'),
(1609, 52, 2130706433, '2016-08-22 17:26:11'),
(1610, 52, 2130706433, '2016-08-22 17:27:21'),
(1611, 52, 2130706433, '2016-08-22 17:28:03'),
(1612, 52, 2130706433, '2016-08-22 17:28:22'),
(1613, 52, 2130706433, '2016-08-22 17:28:35'),
(1614, 52, 2130706433, '2016-08-22 17:29:16'),
(1615, 52, 2130706433, '2016-08-22 17:29:41'),
(1616, 52, 2130706433, '2016-08-22 17:31:01'),
(1617, 52, 2130706433, '2016-08-22 17:31:58'),
(1618, 52, 2130706433, '2016-08-22 17:32:58'),
(1619, 52, 2130706433, '2016-08-22 17:34:05'),
(1620, 52, 2130706433, '2016-08-22 17:34:38'),
(1621, 52, 2130706433, '2016-08-22 17:35:50'),
(1622, 52, 2130706433, '2016-08-22 17:36:18'),
(1623, 52, 2130706433, '2016-08-22 17:37:45'),
(1624, 52, 2130706433, '2016-08-22 17:38:29'),
(1625, 52, 2130706433, '2016-08-22 17:38:37'),
(1626, 52, 2130706433, '2016-08-22 17:38:50'),
(1627, 52, 2130706433, '2016-08-22 17:40:00'),
(1628, 25, 2130706433, '2016-08-22 17:40:41'),
(1629, 52, 2130706433, '2016-08-22 17:40:44'),
(1630, 52, 2130706433, '2016-08-22 17:41:04'),
(1631, 25, 2130706433, '2016-08-22 17:41:37'),
(1632, 25, 2130706433, '2016-08-22 17:41:37'),
(1633, 25, 2130706433, '2016-08-22 17:41:55'),
(1634, 25, 2130706433, '2016-08-22 17:42:31'),
(1635, 25, 2130706433, '2016-08-22 17:45:37'),
(1636, 25, 2130706433, '2016-08-22 17:54:39'),
(1637, 25, 2130706433, '2016-08-22 17:55:20'),
(1638, 25, 2130706433, '2016-08-22 17:55:56'),
(1639, 25, 2130706433, '2016-08-22 17:55:58'),
(1640, 25, 2130706433, '2016-08-22 17:57:46'),
(1641, 25, 2130706433, '2016-08-22 17:58:21'),
(1642, 25, 2130706433, '2016-08-22 17:58:37'),
(1643, 25, 2130706433, '2016-08-22 17:59:10'),
(1644, 25, 2130706433, '2016-08-22 18:12:02'),
(1645, 25, 2130706433, '2016-08-22 18:12:03'),
(1646, 25, 2130706433, '2016-08-22 18:12:22'),
(1647, 25, 2130706433, '2016-08-22 18:13:29'),
(1648, 25, 2130706433, '2016-08-22 18:17:01'),
(1649, 25, 2130706433, '2016-08-22 18:18:07'),
(1650, 25, 2130706433, '2016-08-22 18:19:15'),
(1651, 25, 2130706433, '2016-08-22 18:21:26'),
(1652, 25, 2130706433, '2016-08-22 18:21:51'),
(1653, 25, 2130706433, '2016-08-22 18:22:02'),
(1654, 25, 2130706433, '2016-08-22 18:22:16'),
(1655, 25, 2130706433, '2016-08-22 18:22:41'),
(1656, 25, 2130706433, '2016-08-22 18:24:09'),
(1657, 25, 2130706433, '2016-08-22 18:25:40'),
(1658, 25, 2130706433, '2016-08-22 18:27:59'),
(1659, 25, 2130706433, '2016-08-22 18:29:56'),
(1660, 25, 2130706433, '2016-08-22 18:42:51'),
(1661, 25, 2130706433, '2016-08-22 18:43:49'),
(1662, 25, 2130706433, '2016-08-22 18:45:23'),
(1663, 25, 2130706433, '2016-08-22 18:47:54'),
(1664, 25, 2130706433, '2016-08-22 18:48:02'),
(1665, 25, 2130706433, '2016-08-22 18:48:36'),
(1666, 25, 2130706433, '2016-08-22 18:48:48'),
(1667, 25, 2130706433, '2016-08-22 18:49:37'),
(1668, 25, 2130706433, '2016-08-22 18:52:47'),
(1669, 25, 2130706433, '2016-08-22 18:52:53'),
(1670, 25, 2130706433, '2016-08-22 18:55:33'),
(1671, 25, 2130706433, '2016-08-22 18:56:12'),
(1672, 25, 2130706433, '2016-08-22 18:59:53'),
(1673, 25, 2130706433, '2016-08-22 19:00:22'),
(1674, 25, 2130706433, '2016-08-22 19:00:59'),
(1675, 25, 2130706433, '2016-08-22 19:02:10'),
(1676, 25, 2130706433, '2016-08-22 19:04:46'),
(1677, 25, 2130706433, '2016-08-22 19:05:34'),
(1678, 25, 2130706433, '2016-08-22 19:08:19'),
(1679, 25, 2130706433, '2016-08-22 19:18:55'),
(1680, 25, 2130706433, '2016-08-22 19:18:58'),
(1681, 25, 2130706433, '2016-08-22 19:19:00'),
(1682, 25, 2130706433, '2016-08-22 19:20:52'),
(1683, 25, 2130706433, '2016-08-22 19:20:53'),
(1684, 25, 2130706433, '2016-08-22 19:21:19'),
(1685, 25, 2130706433, '2016-08-22 19:28:57'),
(1686, 25, 2130706433, '2016-08-22 19:30:54'),
(1687, 25, 2130706433, '2016-08-22 19:32:19'),
(1688, 25, 2130706433, '2016-08-22 20:14:43'),
(1689, 25, 2130706433, '2016-08-22 20:14:54'),
(1690, 25, 2130706433, '2016-08-22 21:50:09'),
(1691, 52, 2130706433, '2016-08-22 21:50:09'),
(1692, 25, 2130706433, '2016-08-22 21:50:13'),
(1693, 25, 2130706433, '2016-08-22 21:50:16'),
(1694, 25, 2130706433, '2016-08-22 21:50:29'),
(1695, 25, 2130706433, '2016-08-22 21:50:39'),
(1696, 25, 2130706433, '2016-08-22 21:51:04'),
(1697, 25, 2130706433, '2016-08-22 21:53:16'),
(1698, 25, 2130706433, '2016-08-22 21:53:55'),
(1699, 25, 2130706433, '2016-08-22 21:58:09'),
(1700, 25, 2130706433, '2016-08-22 21:59:49'),
(1701, 25, 2130706433, '2016-08-22 22:02:50'),
(1702, 25, 2130706433, '2016-08-22 22:04:46'),
(1703, 25, 2130706433, '2016-08-22 22:05:04'),
(1704, 25, 2130706433, '2016-08-22 22:05:35'),
(1705, 25, 2130706433, '2016-08-22 22:10:33'),
(1706, 25, 2130706433, '2016-08-22 22:10:54'),
(1707, 25, 2130706433, '2016-08-22 22:18:49'),
(1708, 25, 2130706433, '2016-08-22 22:22:01'),
(1709, 25, 2130706433, '2016-08-22 22:26:49'),
(1710, 25, 2130706433, '2016-08-22 22:26:50'),
(1711, 25, 2130706433, '2016-08-22 22:28:42'),
(1712, 25, 2130706433, '2016-08-22 22:34:41'),
(1713, 25, 2130706433, '2016-08-22 22:49:10'),
(1714, 25, 2130706433, '2016-08-22 23:01:56'),
(1715, 25, 2130706433, '2016-08-22 23:03:42'),
(1716, 25, 2130706433, '2016-08-22 23:04:25'),
(1717, 25, 2130706433, '2016-08-22 23:10:38'),
(1718, 25, 2130706433, '2016-08-22 23:10:55'),
(1719, 25, 2130706433, '2016-08-22 23:11:34'),
(1720, 25, 2130706433, '2016-08-22 23:12:45'),
(1721, 25, 2130706433, '2016-08-22 23:13:13'),
(1722, 25, 2130706433, '2016-08-22 23:14:48'),
(1723, 25, 2130706433, '2016-08-22 23:15:29'),
(1724, 25, 2130706433, '2016-08-22 23:15:51'),
(1725, 25, 2130706433, '2016-08-22 23:15:51'),
(1726, 25, 2130706433, '2016-08-22 23:15:56'),
(1727, 25, 2130706433, '2016-08-22 23:16:02'),
(1728, 25, 2130706433, '2016-08-22 23:18:34'),
(1729, 25, 2130706433, '2016-08-22 23:37:36'),
(1730, 25, 2130706433, '2016-08-22 23:37:54'),
(1731, 25, 2130706433, '2016-08-22 23:39:11'),
(1732, 25, 2130706433, '2016-08-22 23:39:52'),
(1733, 25, 2130706433, '2016-08-22 23:40:42'),
(1734, 25, 2130706433, '2016-08-22 23:40:59'),
(1735, 25, 2130706433, '2016-08-22 23:41:23'),
(1736, 25, 2130706433, '2016-08-22 23:43:06'),
(1737, 25, 2130706433, '2016-08-22 23:47:29'),
(1738, 25, 2130706433, '2016-08-22 23:47:55'),
(1739, 25, 2130706433, '2016-08-22 23:48:30'),
(1740, 25, 2130706433, '2016-08-22 23:51:41'),
(1741, 25, 2130706433, '2016-08-22 23:52:16'),
(1742, 25, 2130706433, '2016-08-22 23:52:53'),
(1743, 25, 2130706433, '2016-08-22 23:53:58'),
(1744, 25, 2130706433, '2016-08-22 23:54:36'),
(1745, 25, 2130706433, '2016-08-22 23:54:41'),
(1746, 25, 2130706433, '2016-08-22 23:55:08'),
(1747, 25, 2130706433, '2016-08-23 00:03:24'),
(1748, 25, 2130706433, '2016-08-23 00:05:21'),
(1749, 25, 2130706433, '2016-08-23 00:06:39'),
(1750, 25, 2130706433, '2016-08-23 00:07:30'),
(1751, 25, 2130706433, '2016-08-23 00:08:36'),
(1752, 25, 2130706433, '2016-08-23 00:14:34'),
(1753, 25, 2130706433, '2016-08-23 00:16:47'),
(1754, 25, 2130706433, '2016-08-23 00:17:39'),
(1755, 25, 2130706433, '2016-08-23 00:18:50'),
(1756, 25, 2130706433, '2016-08-23 00:21:01'),
(1757, 25, 2130706433, '2016-08-23 00:23:05'),
(1758, 25, 2130706433, '2016-08-23 00:25:44'),
(1759, 25, 2130706433, '2016-08-23 00:26:48'),
(1760, 25, 2130706433, '2016-08-23 00:27:10'),
(1761, 25, 2130706433, '2016-08-23 00:27:47'),
(1762, 25, 2130706433, '2016-08-23 00:28:51'),
(1763, 25, 2130706433, '2016-08-23 00:31:21'),
(1764, 25, 2130706433, '2016-08-23 00:42:14'),
(1765, 25, 2130706433, '2016-08-23 00:44:30'),
(1766, 25, 2130706433, '2016-08-23 00:48:23'),
(1767, 25, 2130706433, '2016-08-23 00:52:32'),
(1768, 25, 2130706433, '2016-08-23 00:52:52'),
(1769, 25, 2130706433, '2016-08-23 00:54:21'),
(1770, 25, 2130706433, '2016-08-23 00:55:32'),
(1771, 25, 2130706433, '2016-08-23 00:56:12'),
(1772, 25, 2130706433, '2016-08-23 00:57:34'),
(1773, 25, 2130706433, '2016-08-23 00:58:25'),
(1774, 25, 2130706433, '2016-08-23 00:59:10'),
(1775, 25, 2130706433, '2016-08-23 01:02:35'),
(1776, 25, 2130706433, '2016-08-23 01:04:15'),
(1777, 25, 2130706433, '2016-08-23 01:04:39'),
(1778, 25, 2130706433, '2016-08-23 17:49:56'),
(1779, 25, 2130706433, '2016-08-23 18:12:01'),
(1780, 25, 2130706433, '2016-08-23 18:15:07'),
(1781, 25, 2130706433, '2016-08-23 18:15:24'),
(1782, 25, 2130706433, '2016-08-23 18:16:17'),
(1783, 25, 2130706433, '2016-08-23 18:17:52'),
(1784, 25, 2130706433, '2016-08-23 18:23:40'),
(1785, 25, 2130706433, '2016-08-23 18:25:22'),
(1786, 25, 2130706433, '2016-08-23 18:28:17'),
(1787, 25, 2130706433, '2016-08-23 18:30:26'),
(1788, 25, 2130706433, '2016-08-23 18:33:39'),
(1789, 25, 2130706433, '2016-08-23 18:34:17'),
(1790, 25, 2130706433, '2016-08-23 18:34:31'),
(1791, 25, 2130706433, '2016-08-23 18:35:27'),
(1792, 25, 2130706433, '2016-08-23 18:35:58'),
(1793, 25, 2130706433, '2016-08-23 18:36:55'),
(1794, 25, 2130706433, '2016-08-23 18:38:42'),
(1795, 25, 2130706433, '2016-08-23 18:39:40'),
(1796, 25, 2130706433, '2016-08-23 18:40:11'),
(1797, 25, 2130706433, '2016-08-23 18:41:32'),
(1798, 25, 2130706433, '2016-08-23 18:55:40'),
(1799, 25, 2130706433, '2016-08-23 18:55:49'),
(1800, 25, 2130706433, '2016-08-23 18:56:44'),
(1801, 25, 2130706433, '2016-08-23 18:57:35'),
(1802, 25, 2130706433, '2016-08-23 18:58:08'),
(1803, 25, 2130706433, '2016-08-23 18:58:41'),
(1804, 25, 2130706433, '2016-08-23 18:59:55'),
(1805, 25, 2130706433, '2016-08-23 19:08:38'),
(1806, 25, 2130706433, '2016-08-23 19:09:18'),
(1807, 25, 2130706433, '2016-08-23 19:10:49'),
(1808, 25, 2130706433, '2016-08-23 19:11:51'),
(1809, 25, 2130706433, '2016-08-23 19:12:28'),
(1810, 25, 2130706433, '2016-08-23 19:13:17'),
(1811, 25, 2130706433, '2016-08-23 19:22:34'),
(1812, 25, 2130706433, '2016-08-23 19:22:53'),
(1813, 25, 2130706433, '2016-08-23 19:23:10'),
(1814, 25, 2130706433, '2016-08-23 19:23:10'),
(1815, 25, 2130706433, '2016-08-23 19:24:51'),
(1816, 25, 2130706433, '2016-08-23 19:27:04'),
(1817, 25, 2130706433, '2016-08-23 19:27:11'),
(1818, 25, 2130706433, '2016-08-23 19:28:25'),
(1819, 25, 2130706433, '2016-08-23 19:28:30'),
(1820, 25, 2130706433, '2016-08-23 19:29:09'),
(1821, 25, 2130706433, '2016-08-23 19:36:09'),
(1822, 25, 2130706433, '2016-08-23 19:36:28'),
(1823, 25, 2130706433, '2016-08-23 19:37:58'),
(1824, 25, 2130706433, '2016-08-23 19:38:43'),
(1825, 25, 2130706433, '2016-08-23 19:42:39'),
(1826, 25, 2130706433, '2016-08-23 19:44:48'),
(1827, 25, 2130706433, '2016-08-23 19:45:38'),
(1828, 25, 2130706433, '2016-08-23 19:47:42'),
(1829, 25, 2130706433, '2016-08-23 19:48:45'),
(1830, 25, 2130706433, '2016-08-23 19:48:50'),
(1831, 25, 2130706433, '2016-08-23 19:53:20'),
(1832, 25, 2130706433, '2016-08-23 19:53:20'),
(1833, 25, 2130706433, '2016-08-23 19:53:29'),
(1834, 25, 2130706433, '2016-08-23 19:53:44'),
(1835, 25, 2130706433, '2016-08-23 19:53:45'),
(1836, 25, 2130706433, '2016-08-23 20:06:23'),
(1837, 25, 2130706433, '2016-08-23 20:06:49'),
(1838, 25, 2130706433, '2016-08-23 20:06:49'),
(1839, 25, 2130706433, '2016-08-23 20:08:06'),
(1840, 25, 2130706433, '2016-08-23 20:08:16'),
(1841, 25, 2130706433, '2016-08-23 20:08:16'),
(1842, 25, 2130706433, '2016-08-23 20:08:43'),
(1843, 25, 2130706433, '2016-08-23 20:08:57'),
(1844, 25, 2130706433, '2016-08-23 20:08:57'),
(1845, 25, 2130706433, '2016-08-26 08:57:18'),
(1846, 25, 2130706433, '2016-08-26 08:57:19'),
(1847, 25, 2130706433, '2016-08-26 08:57:40'),
(1848, 25, 2130706433, '2016-08-26 08:58:45'),
(1849, 25, 2130706433, '2016-08-26 08:59:11'),
(1850, 25, 2130706433, '2016-08-26 08:59:11'),
(1851, 25, 2130706433, '2016-08-26 09:00:55'),
(1852, 25, 2130706433, '2016-08-26 09:01:01'),
(1853, 25, 2130706433, '2016-08-26 09:01:01'),
(1854, 25, 2130706433, '2016-08-26 09:01:23'),
(1855, 25, 2130706433, '2016-08-26 09:06:22'),
(1856, 25, 2130706433, '2016-08-26 09:06:55'),
(1857, 25, 2130706433, '2016-08-26 09:07:24'),
(1858, 25, 2130706433, '2016-08-26 09:07:58'),
(1859, 25, 2130706433, '2016-08-26 09:11:35'),
(1860, 25, 2130706433, '2016-08-26 09:17:19'),
(1861, 25, 2130706433, '2016-08-26 09:17:33'),
(1862, 25, 2130706433, '2016-08-26 09:17:46'),
(1863, 25, 2130706433, '2016-08-26 09:21:42'),
(1864, 25, 2130706433, '2016-08-26 09:23:56'),
(1865, 25, 2130706433, '2016-08-26 09:25:48'),
(1866, 25, 2130706433, '2016-08-26 09:25:50'),
(1867, 25, 2130706433, '2016-08-26 09:28:48'),
(1868, 25, 2130706433, '2016-08-26 09:29:14'),
(1869, 25, 2130706433, '2016-08-26 09:32:28'),
(1870, 25, 2130706433, '2016-08-26 09:32:41'),
(1871, 25, 2130706433, '2016-08-26 09:39:07'),
(1872, 25, 2130706433, '2016-08-26 09:40:04'),
(1873, 25, 2130706433, '2016-08-26 09:44:05'),
(1874, 25, 2130706433, '2016-08-26 09:44:05'),
(1875, 25, 2130706433, '2016-08-26 09:45:26'),
(1876, 25, 2130706433, '2016-08-26 09:47:42'),
(1877, 25, 2130706433, '2016-08-26 09:48:18'),
(1878, 25, 2130706433, '2016-08-26 09:48:39'),
(1879, 25, 2130706433, '2016-08-26 09:48:55'),
(1880, 25, 2130706433, '2016-08-26 09:50:57'),
(1881, 25, 2130706433, '2016-08-26 09:53:03'),
(1882, 25, 2130706433, '2016-08-26 09:53:46'),
(1883, 25, 2130706433, '2016-08-26 09:58:16'),
(1884, 25, 2130706433, '2016-08-26 09:58:45'),
(1885, 25, 2130706433, '2016-08-26 10:03:26'),
(1886, 25, 2130706433, '2016-08-26 10:06:40'),
(1887, 25, 2130706433, '2016-08-26 10:07:07'),
(1888, 25, 2130706433, '2016-08-26 10:07:29'),
(1889, 25, 2130706433, '2016-08-26 10:10:31'),
(1890, 25, 2130706433, '2016-08-26 10:11:19'),
(1891, 25, 2130706433, '2016-08-26 10:12:37'),
(1892, 25, 2130706433, '2016-08-26 10:13:44'),
(1893, 25, 2130706433, '2016-08-26 10:13:52'),
(1894, 25, 2130706433, '2016-08-26 10:13:52'),
(1895, 25, 2130706433, '2016-08-26 10:14:09'),
(1896, 25, 2130706433, '2016-08-26 10:14:12'),
(1897, 25, 2130706433, '2016-08-26 10:14:12'),
(1898, 25, 2130706433, '2016-08-26 10:14:31'),
(1899, 25, 2130706433, '2016-08-26 10:15:32'),
(1900, 25, 2130706433, '2016-08-26 10:18:03'),
(1901, 25, 2130706433, '2016-08-26 10:20:13'),
(1902, 25, 2130706433, '2016-08-26 10:20:35'),
(1903, 25, 2130706433, '2016-08-26 10:21:30'),
(1904, 25, 2130706433, '2016-08-26 10:23:08'),
(1905, 25, 2130706433, '2016-08-26 10:25:05'),
(1906, 25, 2130706433, '2016-08-26 10:25:42'),
(1907, 25, 2130706433, '2016-08-26 10:25:43'),
(1908, 25, 2130706433, '2016-08-26 10:26:21'),
(1909, 25, 2130706433, '2016-08-26 10:27:13'),
(1910, 25, 2130706433, '2016-08-26 10:27:32'),
(1911, 25, 2130706433, '2016-08-26 10:27:43'),
(1912, 25, 2130706433, '2016-08-26 10:27:45'),
(1913, 25, 2130706433, '2016-08-26 10:28:39'),
(1914, 25, 2130706433, '2016-08-26 10:28:57'),
(1915, 25, 2130706433, '2016-08-26 10:29:52'),
(1916, 25, 2130706433, '2016-08-26 10:35:27'),
(1917, 25, 2130706433, '2016-08-26 10:37:09'),
(1918, 25, 2130706433, '2016-08-26 10:37:52'),
(1919, 25, 2130706433, '2016-08-26 10:40:00'),
(1920, 25, 2130706433, '2016-08-26 10:40:00'),
(1921, 25, 2130706433, '2016-08-26 10:54:43'),
(1922, 25, 2130706433, '2016-08-26 10:58:17'),
(1923, 25, 2130706433, '2016-08-26 10:58:31'),
(1924, 25, 2130706433, '2016-08-26 10:58:33'),
(1925, 25, 2130706433, '2016-08-26 10:59:11'),
(1926, 25, 2130706433, '2016-08-26 11:00:06'),
(1927, 25, 2130706433, '2016-08-26 11:00:32'),
(1928, 25, 2130706433, '2016-08-26 11:00:53'),
(1929, 25, 2130706433, '2016-08-26 11:02:53'),
(1930, 25, 2130706433, '2016-08-26 11:03:18'),
(1931, 25, 2130706433, '2016-08-26 11:03:38'),
(1932, 25, 2130706433, '2016-08-26 11:08:37'),
(1933, 25, 2130706433, '2016-08-26 11:10:09'),
(1934, 25, 2130706433, '2016-08-26 11:10:12'),
(1935, 25, 2130706433, '2016-08-26 11:26:02'),
(1936, 25, 2130706433, '2016-08-26 11:26:50'),
(1937, 25, 2130706433, '2016-08-26 11:35:13'),
(1938, 25, 2130706433, '2016-08-26 11:35:42'),
(1939, 25, 2130706433, '2016-08-26 11:36:19'),
(1940, 25, 2130706433, '2016-08-26 11:39:50'),
(1941, 25, 2130706433, '2016-08-26 11:42:05'),
(1942, 25, 2130706433, '2016-08-26 11:42:16'),
(1943, 25, 2130706433, '2016-08-26 11:42:17'),
(1944, 25, 2130706433, '2016-08-26 11:42:36'),
(1945, 25, 2130706433, '2016-08-26 11:43:20'),
(1946, 25, 2130706433, '2016-08-26 11:43:44'),
(1947, 25, 2130706433, '2016-08-26 11:57:42'),
(1948, 25, 2130706433, '2016-08-26 11:58:22'),
(1949, 25, 2130706433, '2016-08-26 12:00:18'),
(1950, 25, 2130706433, '2016-08-26 12:01:42'),
(1951, 25, 2130706433, '2016-08-26 12:01:56'),
(1952, 25, 2130706433, '2016-08-26 12:03:38'),
(1953, 25, 2130706433, '2016-08-26 12:04:05'),
(1954, 25, 2130706433, '2016-08-26 12:05:23'),
(1955, 25, 2130706433, '2016-08-26 12:06:14'),
(1956, 25, 2130706433, '2016-08-26 12:06:56'),
(1957, 25, 2130706433, '2016-08-26 12:07:36'),
(1958, 25, 2130706433, '2016-08-26 12:09:02'),
(1959, 25, 2130706433, '2016-08-26 12:09:28'),
(1960, 25, 2130706433, '2016-08-26 12:09:40'),
(1961, 25, 2130706433, '2016-08-26 12:10:36'),
(1962, 25, 2130706433, '2016-08-26 12:10:58'),
(1963, 25, 2130706433, '2016-08-26 12:11:27'),
(1964, 25, 2130706433, '2016-08-26 12:12:33'),
(1965, 25, 2130706433, '2016-08-26 12:15:53'),
(1966, 25, 2130706433, '2016-08-26 12:18:13'),
(1967, 25, 2130706433, '2016-08-26 12:18:32'),
(1968, 25, 2130706433, '2016-08-26 12:19:55'),
(1969, 25, 2130706433, '2016-08-26 12:20:51'),
(1970, 25, 2130706433, '2016-08-26 12:21:09'),
(1971, 25, 2130706433, '2016-08-26 12:22:00'),
(1972, 25, 2130706433, '2016-08-26 12:23:35'),
(1973, 25, 2130706433, '2016-08-26 12:24:16'),
(1974, 25, 2130706433, '2016-08-26 12:24:21'),
(1975, 25, 2130706433, '2016-08-26 12:24:21'),
(1976, 25, 2130706433, '2016-08-26 12:24:25'),
(1977, 25, 2130706433, '2016-08-26 12:24:25'),
(1978, 25, 2130706433, '2016-08-26 12:24:35'),
(1979, 25, 2130706433, '2016-08-26 12:25:24'),
(1980, 25, 2130706433, '2016-08-26 12:25:57'),
(1981, 25, 2130706433, '2016-08-26 12:27:16'),
(1982, 25, 2130706433, '2016-08-26 12:35:34'),
(1983, 25, 2130706433, '2016-08-26 12:36:01'),
(1984, 25, 2130706433, '2016-08-26 12:36:55'),
(1985, 25, 2130706433, '2016-08-26 12:37:56'),
(1986, 25, 2130706433, '2016-08-26 12:37:56'),
(1987, 25, 2130706433, '2016-08-26 12:37:56'),
(1988, 25, 2130706433, '2016-08-26 12:37:56'),
(1989, 25, 2130706433, '2016-08-26 12:38:54'),
(1990, 25, 2130706433, '2016-08-26 12:39:26'),
(1991, 25, 2130706433, '2016-08-26 12:40:22'),
(1992, 25, 2130706433, '2016-08-26 12:41:39'),
(1993, 25, 2130706433, '2016-08-26 12:44:35'),
(1994, 25, 2130706433, '2016-08-26 12:45:58'),
(1995, 25, 2130706433, '2016-08-26 12:46:42'),
(1996, 25, 2130706433, '2016-08-26 12:47:17'),
(1997, 25, 2130706433, '2016-08-26 12:48:08'),
(1998, 25, 2130706433, '2016-08-26 12:50:20'),
(1999, 25, 2130706433, '2016-08-26 12:54:50'),
(2000, 25, 2130706433, '2016-08-26 12:56:19'),
(2001, 25, 2130706433, '2016-08-26 12:57:41'),
(2002, 25, 2130706433, '2016-08-26 12:59:04'),
(2003, 25, 2130706433, '2016-08-26 13:00:08'),
(2004, 25, 2130706433, '2016-08-26 13:01:05'),
(2005, 25, 2130706433, '2016-08-26 13:06:25'),
(2006, 25, 2130706433, '2016-08-26 13:11:03'),
(2007, 25, 2130706433, '2016-08-26 13:11:23'),
(2008, 25, 2130706433, '2016-08-26 13:11:45'),
(2009, 25, 2130706433, '2016-08-26 13:14:07'),
(2010, 25, 2130706433, '2016-08-26 14:00:11'),
(2011, 25, 2130706433, '2016-08-26 14:04:59'),
(2012, 25, 2130706433, '2016-08-26 14:05:25'),
(2013, 25, 2130706433, '2016-08-26 14:11:00'),
(2014, 25, 2130706433, '2016-08-26 14:13:13'),
(2015, 25, 2130706433, '2016-08-26 14:15:00'),
(2016, 25, 2130706433, '2016-08-26 14:18:05'),
(2017, 25, 2130706433, '2016-08-26 14:18:29'),
(2018, 25, 2130706433, '2016-08-26 14:21:27'),
(2019, 25, 2130706433, '2016-08-26 14:22:30'),
(2020, 25, 2130706433, '2016-08-26 14:23:15'),
(2021, 25, 2130706433, '2016-08-26 14:25:35'),
(2022, 25, 2130706433, '2016-08-26 14:25:48'),
(2023, 25, 2130706433, '2016-08-26 14:26:24');
INSERT INTO `log` (`id_log`, `id_news`, `ip_visit`, `date_visit`) VALUES
(2024, 25, 2130706433, '2016-08-26 14:37:07'),
(2025, 25, 2130706433, '2016-08-26 14:37:25'),
(2026, 25, 2130706433, '2016-08-26 14:44:20'),
(2027, 25, 2130706433, '2016-08-26 14:45:40'),
(2028, 25, 2130706433, '2016-08-26 14:51:49'),
(2029, 25, 2130706433, '2016-08-26 14:51:59'),
(2030, 25, 2130706433, '2016-08-26 14:52:13'),
(2031, 25, 2130706433, '2016-08-26 14:52:17'),
(2032, 25, 2130706433, '2016-08-26 14:56:00'),
(2033, 25, 2130706433, '2016-08-26 15:01:48'),
(2034, 25, 2130706433, '2016-08-26 15:24:50'),
(2035, 25, 2130706433, '2016-08-26 15:25:23'),
(2036, 25, 2130706433, '2016-08-26 15:30:59'),
(2037, 25, 2130706433, '2016-08-26 15:31:03'),
(2038, 25, 2130706433, '2016-08-26 15:31:03'),
(2039, 25, 2130706433, '2016-08-26 15:31:24'),
(2040, 25, 2130706433, '2016-08-26 15:32:23'),
(2041, 25, 2130706433, '2016-08-26 15:35:06'),
(2042, 25, 2130706433, '2016-08-26 15:37:47'),
(2043, 25, 2130706433, '2016-08-26 15:39:37'),
(2044, 25, 2130706433, '2016-08-26 15:39:48'),
(2045, 25, 2130706433, '2016-08-26 15:40:50'),
(2046, 25, 2130706433, '2016-08-26 15:41:38'),
(2047, 25, 2130706433, '2016-08-26 15:41:50'),
(2048, 25, 2130706433, '2016-08-26 15:42:47'),
(2049, 25, 2130706433, '2016-08-26 15:46:44'),
(2050, 25, 2130706433, '2016-08-26 15:47:17'),
(2051, 25, 2130706433, '2016-08-26 15:49:13'),
(2052, 25, 2130706433, '2016-08-26 15:49:24'),
(2053, 25, 2130706433, '2016-08-26 15:50:26'),
(2054, 25, 2130706433, '2016-08-26 15:53:03'),
(2055, 25, 2130706433, '2016-08-26 15:53:15'),
(2056, 25, 2130706433, '2016-08-26 15:54:14'),
(2057, 25, 2130706433, '2016-08-26 15:59:15'),
(2058, 25, 2130706433, '2016-08-26 16:06:33'),
(2059, 25, 2130706433, '2016-08-26 16:07:50'),
(2060, 25, 2130706433, '2016-08-26 16:08:06'),
(2061, 25, 2130706433, '2016-08-26 16:10:04'),
(2062, 25, 2130706433, '2016-08-26 16:10:26'),
(2063, 25, 2130706433, '2016-08-26 16:13:09'),
(2064, 25, 2130706433, '2016-08-26 16:13:40'),
(2065, 25, 2130706433, '2016-08-26 16:13:52'),
(2066, 25, 2130706433, '2016-08-26 16:14:47'),
(2067, 25, 2130706433, '2016-08-26 16:15:11'),
(2068, 25, 2130706433, '2016-08-26 16:16:09'),
(2069, 25, 2130706433, '2016-08-26 16:16:22'),
(2070, 25, 2130706433, '2016-08-26 16:16:57'),
(2071, 25, 2130706433, '2016-08-26 18:18:24'),
(2072, 10, 2130706433, '2016-08-26 18:18:28'),
(2073, 10, 2130706433, '2016-08-26 18:18:40'),
(2074, 25, 2130706433, '2016-08-26 19:17:46'),
(2075, 25, 2130706433, '2016-08-27 00:33:47'),
(2076, 10, 2130706433, '2016-08-27 00:34:09'),
(2077, 25, 2130706433, '2016-08-27 00:50:16'),
(2078, 53, 2130706433, '2016-08-27 00:53:14'),
(2079, 53, 2130706433, '2016-08-27 00:53:20'),
(2080, 53, 2130706433, '2016-08-27 00:54:18'),
(2081, 26, 2130706433, '2016-08-28 14:14:42'),
(2082, 26, 2130706433, '2016-08-28 14:14:48'),
(2083, 11, 2130706433, '2016-08-28 21:35:54'),
(2084, 25, 2130706433, '2016-08-28 22:15:29'),
(2085, 25, 2130706433, '2016-08-28 22:16:48'),
(2086, 25, 2130706433, '2016-08-28 22:16:49'),
(2087, 12, 2130706433, '2016-08-28 23:19:19'),
(2088, 26, 2130706433, '2016-08-28 23:35:24'),
(2089, 26, 2130706433, '2016-08-28 23:35:41'),
(2090, 26, 2130706433, '2016-08-28 23:35:46'),
(2091, 26, 2130706433, '2016-08-28 23:35:46'),
(2092, 26, 2130706433, '2016-08-28 23:35:53'),
(2093, 26, 2130706433, '2016-08-28 23:35:53'),
(2094, 26, 2130706433, '2016-08-28 23:36:34'),
(2095, 26, 2130706433, '2016-08-28 23:52:08'),
(2096, 26, 2130706433, '2016-08-28 23:52:09'),
(2097, 11, 2130706433, '2016-08-30 15:09:50'),
(2098, 6, 2130706433, '2016-08-30 15:45:05'),
(2099, 10, 2130706433, '2016-08-30 15:45:13'),
(2100, 25, 2130706433, '2016-08-30 15:45:22'),
(2101, 52, 2130706433, '2016-08-30 16:36:15'),
(2102, 19, 2130706433, '2016-08-30 16:41:02'),
(2103, 26, 2130706433, '2016-08-30 16:41:06'),
(2104, 25, 2130706433, '2016-08-30 16:51:53'),
(2105, 25, 2130706433, '2016-08-30 16:55:11'),
(2106, 25, 2130706433, '2016-08-30 16:55:24'),
(2107, 12, 2130706433, '2016-08-30 16:55:58'),
(2108, 52, 2130706433, '2016-08-30 17:01:16'),
(2109, 52, 2130706433, '2016-08-30 23:46:54'),
(2110, 53, 2130706433, '2016-08-31 11:40:40'),
(2111, 53, 2130706433, '2016-08-31 12:47:51'),
(2112, 10, 2130706433, '2016-08-31 12:48:31'),
(2113, 53, 2130706433, '2016-08-31 12:49:28'),
(2114, 10, 2130706433, '2016-08-31 12:49:46'),
(2115, 53, 2130706433, '2016-08-31 12:50:27'),
(2116, 10, 2130706433, '2016-08-31 12:54:11'),
(2117, 53, 2130706433, '2016-08-31 13:08:19'),
(2118, 53, 2130706433, '2016-08-31 13:09:05'),
(2119, 53, 2130706433, '2016-08-31 13:09:40'),
(2120, 53, 2130706433, '2016-08-31 13:10:32'),
(2121, 53, 2130706433, '2016-08-31 13:11:19'),
(2122, 53, 2130706433, '2016-08-31 13:12:13'),
(2123, 10, 2130706433, '2016-08-31 13:12:45'),
(2124, 53, 2130706433, '2016-08-31 13:23:27'),
(2125, 53, 2130706433, '2016-08-31 13:23:28'),
(2126, 53, 2130706433, '2016-08-31 13:26:57'),
(2127, 10, 2130706433, '2016-08-31 13:27:27'),
(2128, 10, 2130706433, '2016-08-31 13:27:34'),
(2129, 25, 2130706433, '2016-08-31 13:27:40'),
(2130, 53, 2130706433, '2016-08-31 13:32:03'),
(2131, 53, 2130706433, '2016-08-31 13:32:10'),
(2132, 53, 2130706433, '2016-08-31 13:34:43'),
(2133, 53, 2130706433, '2016-08-31 13:35:10'),
(2134, 53, 2130706433, '2016-08-31 13:37:40'),
(2135, 53, 2130706433, '2016-08-31 13:37:44'),
(2136, 53, 2130706433, '2016-08-31 13:38:12'),
(2137, 53, 2130706433, '2016-08-31 13:45:19'),
(2138, 53, 2130706433, '2016-08-31 13:46:18'),
(2139, 53, 2130706433, '2016-08-31 13:46:20'),
(2140, 53, 2130706433, '2016-08-31 13:46:22'),
(2141, 53, 2130706433, '2016-08-31 13:46:23'),
(2142, 53, 2130706433, '2016-08-31 13:46:23'),
(2143, 53, 2130706433, '2016-08-31 13:46:23'),
(2144, 53, 2130706433, '2016-08-31 13:46:23'),
(2145, 53, 2130706433, '2016-08-31 13:46:26'),
(2146, 53, 2130706433, '2016-08-31 13:50:12'),
(2147, 25, 2130706433, '2016-08-31 13:50:25'),
(2148, 25, 2130706433, '2016-08-31 13:59:25'),
(2149, 25, 2130706433, '2016-08-31 14:10:59'),
(2150, 25, 2130706433, '2016-08-31 17:51:58'),
(2151, 25, 2130706433, '2016-09-02 21:05:37'),
(2152, 25, 2130706433, '2016-09-02 23:14:12'),
(2153, 10, 2130706433, '2016-09-02 23:15:48'),
(2154, 10, 2130706433, '2016-09-02 23:35:59'),
(2155, 10, 2130706433, '2016-09-02 23:36:18'),
(2156, 25, 2130706433, '2016-09-02 23:36:44'),
(2157, 25, 2130706433, '2016-09-02 23:37:15'),
(2158, 25, 2130706433, '2016-09-02 23:40:38'),
(2159, 25, 2130706433, '2016-09-02 23:54:29'),
(2160, 25, 2130706433, '2016-09-02 23:54:49'),
(2161, 25, 2130706433, '2016-09-02 23:54:49'),
(2162, 25, 2130706433, '2016-09-02 23:58:34'),
(2163, 25, 2130706433, '2016-09-02 23:58:55'),
(2164, 25, 2130706433, '2016-09-03 00:00:21'),
(2165, 25, 2130706433, '2016-09-03 00:01:40'),
(2166, 25, 2130706433, '2016-09-03 00:08:05'),
(2167, 25, 2130706433, '2016-09-03 00:10:38'),
(2168, 25, 2130706433, '2016-09-03 00:12:11'),
(2169, 25, 2130706433, '2016-09-03 00:12:50'),
(2170, 25, 2130706433, '2016-09-03 00:12:51'),
(2171, 25, 2130706433, '2016-09-03 00:13:40'),
(2172, 25, 2130706433, '2016-09-03 00:15:14'),
(2173, 25, 2130706433, '2016-09-03 00:17:02'),
(2174, 25, 2130706433, '2016-09-03 00:17:04'),
(2175, 25, 2130706433, '2016-09-03 00:17:25'),
(2176, 25, 2130706433, '2016-09-03 00:18:04'),
(2177, 25, 2130706433, '2016-09-03 00:18:43'),
(2178, 25, 2130706433, '2016-09-04 18:06:13'),
(2179, 25, 2130706433, '2016-09-04 20:14:02'),
(2180, 25, 2130706433, '2016-09-04 20:14:22'),
(2181, 25, 2130706433, '2016-09-04 20:16:55'),
(2182, 25, 2130706433, '2016-09-04 20:16:56'),
(2183, 25, 2130706433, '2016-09-05 17:11:43'),
(2184, 25, 2130706433, '2016-09-05 17:19:54'),
(2185, 25, 2130706433, '2016-09-05 17:21:44'),
(2186, 25, 2130706433, '2016-09-05 17:21:45'),
(2187, 25, 2130706433, '2016-09-05 17:22:28'),
(2188, 25, 2130706433, '2016-09-05 17:24:03'),
(2189, 25, 2130706433, '2016-09-05 17:24:06'),
(2190, 25, 2130706433, '2016-09-05 17:24:07'),
(2191, 25, 2130706433, '2016-09-05 17:25:35'),
(2192, 25, 2130706433, '2016-09-05 17:25:36'),
(2193, 19, 2130706433, '2016-09-05 17:29:27'),
(2194, 25, 2130706433, '2016-09-05 17:29:32'),
(2195, 25, 2130706433, '2016-09-05 17:30:59'),
(2196, 10, 2130706433, '2016-09-05 17:32:45'),
(2197, 25, 2130706433, '2016-09-05 17:45:41'),
(2198, 10, 2130706433, '2016-09-05 17:46:44'),
(2199, 10, 2130706433, '2016-09-05 17:47:09'),
(2200, 10, 2130706433, '2016-09-05 17:47:40'),
(2201, 10, 2130706433, '2016-09-05 17:48:17'),
(2202, 10, 2130706433, '2016-09-05 18:09:21'),
(2203, 10, 2130706433, '2016-09-05 18:10:51'),
(2204, 10, 2130706433, '2016-09-05 18:10:52'),
(2205, 10, 2130706433, '2016-09-05 18:11:17'),
(2206, 10, 2130706433, '2016-09-05 18:11:59'),
(2207, 10, 2130706433, '2016-09-05 18:12:20'),
(2208, 10, 2130706433, '2016-09-05 18:12:35'),
(2209, 10, 2130706433, '2016-09-05 18:12:58'),
(2210, 10, 2130706433, '2016-09-05 18:16:05'),
(2211, 10, 2130706433, '2016-09-05 18:16:32'),
(2212, 10, 2130706433, '2016-09-05 18:16:52'),
(2213, 10, 2130706433, '2016-09-05 18:18:03'),
(2214, 10, 2130706433, '2016-09-05 18:19:07'),
(2215, 10, 2130706433, '2016-09-05 18:19:54'),
(2216, 10, 2130706433, '2016-09-05 18:21:51'),
(2217, 10, 2130706433, '2016-09-05 18:31:59'),
(2218, 10, 2130706433, '2016-09-05 18:33:38'),
(2219, 10, 2130706433, '2016-09-05 18:43:42'),
(2220, 10, 2130706433, '2016-09-05 18:45:32'),
(2221, 10, 2130706433, '2016-09-05 18:53:59'),
(2222, 10, 2130706433, '2016-09-05 19:02:21'),
(2223, 10, 2130706433, '2016-09-05 19:03:05'),
(2224, 10, 2130706433, '2016-09-05 19:04:59'),
(2225, 10, 2130706433, '2016-09-05 19:13:32'),
(2226, 10, 2130706433, '2016-09-05 19:14:56'),
(2227, 10, 2130706433, '2016-09-05 19:15:16'),
(2228, 10, 2130706433, '2016-09-05 19:18:43'),
(2229, 10, 2130706433, '2016-09-05 19:20:23'),
(2230, 10, 2130706433, '2016-09-05 19:21:13'),
(2231, 10, 2130706433, '2016-09-05 19:21:25'),
(2232, 10, 2130706433, '2016-09-05 19:21:39'),
(2233, 10, 2130706433, '2016-09-05 19:22:05'),
(2234, 10, 2130706433, '2016-09-05 19:22:46'),
(2235, 10, 2130706433, '2016-09-05 19:23:05'),
(2236, 10, 2130706433, '2016-09-05 19:23:18'),
(2237, 10, 2130706433, '2016-09-05 19:23:36'),
(2238, 10, 2130706433, '2016-09-05 19:23:49'),
(2239, 10, 2130706433, '2016-09-05 19:24:39'),
(2240, 10, 2130706433, '2016-09-05 19:25:03'),
(2241, 10, 2130706433, '2016-09-05 19:25:45'),
(2242, 10, 2130706433, '2016-09-05 19:26:00'),
(2243, 10, 2130706433, '2016-09-05 19:26:42'),
(2244, 10, 2130706433, '2016-09-05 19:26:49'),
(2245, 10, 2130706433, '2016-09-05 19:26:50'),
(2246, 10, 2130706433, '2016-09-05 19:26:50'),
(2247, 10, 2130706433, '2016-09-05 19:26:50'),
(2248, 10, 2130706433, '2016-09-05 19:26:51'),
(2249, 10, 2130706433, '2016-09-05 19:26:51'),
(2250, 10, 2130706433, '2016-09-05 19:26:51'),
(2251, 10, 2130706433, '2016-09-05 19:27:37'),
(2252, 10, 2130706433, '2016-09-05 19:28:15'),
(2253, 10, 2130706433, '2016-09-05 19:28:25'),
(2254, 10, 2130706433, '2016-09-05 19:28:26'),
(2255, 10, 2130706433, '2016-09-05 19:28:36'),
(2256, 10, 2130706433, '2016-09-05 19:28:37'),
(2257, 10, 2130706433, '2016-09-05 19:28:49'),
(2258, 10, 2130706433, '2016-09-05 19:28:50'),
(2259, 10, 2130706433, '2016-09-05 19:28:50'),
(2260, 10, 2130706433, '2016-09-05 19:28:50'),
(2261, 10, 2130706433, '2016-09-05 19:28:51'),
(2262, 10, 2130706433, '2016-09-05 19:28:51'),
(2263, 10, 2130706433, '2016-09-05 19:29:05'),
(2264, 10, 2130706433, '2016-09-05 19:29:05'),
(2265, 10, 2130706433, '2016-09-05 19:29:06'),
(2266, 10, 2130706433, '2016-09-05 19:29:06'),
(2267, 10, 2130706433, '2016-09-05 19:29:06'),
(2268, 10, 2130706433, '2016-09-05 19:29:15'),
(2269, 10, 2130706433, '2016-09-05 19:29:34'),
(2270, 25, 2130706433, '2016-09-05 19:29:40'),
(2271, 10, 2130706433, '2016-09-05 19:29:48'),
(2272, 10, 2130706433, '2016-09-05 19:30:24'),
(2273, 10, 2130706433, '2016-09-05 19:32:02'),
(2274, 10, 2130706433, '2016-09-05 19:34:55'),
(2275, 10, 2130706433, '2016-09-05 19:35:53'),
(2276, 10, 2130706433, '2016-09-05 19:37:48'),
(2277, 10, 2130706433, '2016-09-05 19:37:48'),
(2278, 10, 2130706433, '2016-09-05 19:41:52'),
(2279, 10, 2130706433, '2016-09-05 19:43:18'),
(2280, 10, 2130706433, '2016-09-05 19:43:27'),
(2281, 10, 2130706433, '2016-09-05 19:43:27'),
(2282, 10, 2130706433, '2016-09-05 19:43:38'),
(2283, 10, 2130706433, '2016-09-05 19:43:45'),
(2284, 10, 2130706433, '2016-09-05 19:43:46'),
(2285, 10, 2130706433, '2016-09-05 19:44:03'),
(2286, 10, 2130706433, '2016-09-05 19:44:06'),
(2287, 10, 2130706433, '2016-09-05 19:44:06'),
(2288, 10, 2130706433, '2016-09-05 19:44:14'),
(2289, 10, 2130706433, '2016-09-05 19:44:38'),
(2290, 10, 2130706433, '2016-09-05 19:45:03'),
(2291, 10, 2130706433, '2016-09-05 19:45:59'),
(2292, 10, 2130706433, '2016-09-05 19:47:50'),
(2293, 10, 2130706433, '2016-09-05 19:51:26'),
(2294, 10, 2130706433, '2016-09-05 19:52:07'),
(2295, 10, 2130706433, '2016-09-05 19:54:52'),
(2296, 10, 2130706433, '2016-09-05 20:05:50'),
(2297, 10, 2130706433, '2016-09-05 20:12:26'),
(2298, 10, 2130706433, '2016-09-05 20:12:54'),
(2299, 10, 2130706433, '2016-09-05 20:14:13'),
(2300, 10, 2130706433, '2016-09-05 20:22:06'),
(2301, 10, 2130706433, '2016-09-05 20:22:41'),
(2302, 10, 2130706433, '2016-09-05 20:43:15'),
(2303, 10, 2130706433, '2016-09-05 20:43:40'),
(2304, 10, 2130706433, '2016-09-05 21:27:00'),
(2305, 10, 2130706433, '2016-09-05 21:27:48'),
(2306, 10, 2130706433, '2016-09-05 21:28:13'),
(2307, 10, 2130706433, '2016-09-05 21:28:46'),
(2309, 10, 2130706433, '2016-09-05 21:33:25'),
(2310, 10, 2130706433, '2016-09-05 21:34:02'),
(2311, 10, 2130706433, '2016-09-05 21:34:34'),
(2312, 10, 2130706433, '2016-09-05 21:35:09'),
(2313, 10, 2130706433, '2016-09-05 21:36:08'),
(2314, 10, 2130706433, '2016-09-05 21:37:42'),
(2315, 10, 2130706433, '2016-09-05 21:37:42'),
(2316, 10, 2130706433, '2016-09-05 21:37:42'),
(2317, 10, 2130706433, '2016-09-05 21:37:58'),
(2318, 10, 2130706433, '2016-09-05 21:40:01'),
(2319, 10, 2130706433, '2016-09-05 21:41:11'),
(2321, 10, 2130706433, '2016-09-05 21:56:58'),
(2322, 10, 2130706433, '2016-09-05 21:58:19'),
(2323, 10, 2130706433, '2016-09-05 21:59:50'),
(2324, 10, 2130706433, '2016-09-05 22:00:43'),
(2325, 10, 2130706433, '2016-09-05 22:01:10'),
(2326, 10, 2130706433, '2016-09-05 22:03:31'),
(2327, 10, 2130706433, '2016-09-05 22:07:43'),
(2328, 10, 2130706433, '2016-09-05 22:08:43'),
(2329, 10, 2130706433, '2016-09-05 22:09:01'),
(2330, 10, 2130706433, '2016-09-05 22:13:39'),
(2331, 10, 2130706433, '2016-09-05 22:14:13'),
(2332, 10, 2130706433, '2016-09-05 22:15:25'),
(2333, 10, 2130706433, '2016-09-05 22:19:15'),
(2334, 10, 2130706433, '2016-09-05 22:19:36'),
(2335, 10, 2130706433, '2016-09-05 22:19:54'),
(2336, 10, 2130706433, '2016-09-05 22:19:54'),
(2337, 10, 2130706433, '2016-09-05 22:30:00'),
(2338, 10, 2130706433, '2016-09-05 22:31:23'),
(2339, 10, 2130706433, '2016-09-05 22:35:56'),
(2340, 10, 2130706433, '2016-09-05 22:38:20'),
(2341, 10, 2130706433, '2016-09-05 22:38:37'),
(2342, 10, 2130706433, '2016-09-05 22:42:38'),
(2343, 10, 2130706433, '2016-09-05 22:52:35'),
(2344, 10, 2130706433, '2016-09-05 22:53:06'),
(2345, 10, 2130706433, '2016-09-05 22:56:15'),
(2346, 10, 2130706433, '2016-09-05 22:56:36'),
(2347, 10, 2130706433, '2016-09-05 22:57:45'),
(2348, 10, 2130706433, '2016-09-05 23:00:37'),
(2349, 10, 2130706433, '2016-09-05 23:03:55'),
(2350, 10, 2130706433, '2016-09-05 23:06:35'),
(2351, 10, 2130706433, '2016-09-05 23:07:24'),
(2352, 10, 2130706433, '2016-09-05 23:07:37'),
(2353, 10, 2130706433, '2016-09-05 23:07:55'),
(2354, 10, 2130706433, '2016-09-05 23:08:46'),
(2355, 10, 2130706433, '2016-09-05 23:10:30'),
(2356, 10, 2130706433, '2016-09-05 23:11:34'),
(2357, 10, 2130706433, '2016-09-05 23:12:27'),
(2358, 10, 2130706433, '2016-09-05 23:12:43'),
(2359, 10, 2130706433, '2016-09-06 08:05:37'),
(2360, 10, 2130706433, '2016-09-06 08:07:59'),
(2361, 10, 2130706433, '2016-09-06 08:10:19'),
(2362, 10, 2130706433, '2016-09-06 08:14:24'),
(2363, 10, 2130706433, '2016-09-06 08:14:56'),
(2364, 10, 2130706433, '2016-09-06 08:15:14'),
(2365, 10, 2130706433, '2016-09-06 08:16:01'),
(2366, 10, 2130706433, '2016-09-06 08:16:50'),
(2367, 10, 2130706433, '2016-09-06 08:17:07'),
(2368, 10, 2130706433, '2016-09-06 08:19:35'),
(2369, 10, 2130706433, '2016-09-06 08:21:20'),
(2370, 10, 2130706433, '2016-09-06 08:22:30'),
(2371, 10, 2130706433, '2016-09-06 08:27:27'),
(2372, 10, 2130706433, '2016-09-06 08:34:52'),
(2373, 10, 2130706433, '2016-09-06 08:35:25'),
(2374, 10, 2130706433, '2016-09-06 08:37:46'),
(2375, 10, 2130706433, '2016-09-06 08:42:17'),
(2376, 10, 2130706433, '2016-09-06 08:43:42'),
(2377, 10, 2130706433, '2016-09-06 08:44:43'),
(2378, 10, 2130706433, '2016-09-06 08:45:08'),
(2379, 10, 2130706433, '2016-09-06 08:45:25'),
(2380, 10, 2130706433, '2016-09-06 08:45:46'),
(2381, 10, 2130706433, '2016-09-06 08:45:51'),
(2382, 10, 2130706433, '2016-09-06 08:45:51'),
(2383, 10, 2130706433, '2016-09-06 08:46:05'),
(2384, 10, 2130706433, '2016-09-06 08:46:33'),
(2385, 10, 2130706433, '2016-09-06 08:47:48'),
(2386, 10, 2130706433, '2016-09-06 08:48:45'),
(2387, 10, 2130706433, '2016-09-06 08:51:45'),
(2388, 10, 2130706433, '2016-09-06 08:52:22'),
(2389, 10, 2130706433, '2016-09-06 08:52:44'),
(2390, 10, 2130706433, '2016-09-06 08:54:32'),
(2391, 10, 2130706433, '2016-09-06 08:54:55'),
(2392, 10, 2130706433, '2016-09-06 08:56:15'),
(2393, 10, 2130706433, '2016-09-06 09:00:23'),
(2394, 10, 2130706433, '2016-09-06 09:00:48'),
(2395, 10, 2130706433, '2016-09-06 09:01:08'),
(2396, 10, 2130706433, '2016-09-06 09:01:40'),
(2397, 10, 2130706433, '2016-09-06 09:01:43'),
(2398, 10, 2130706433, '2016-09-06 09:01:43'),
(2399, 10, 2130706433, '2016-09-06 09:02:01'),
(2400, 10, 2130706433, '2016-09-06 09:02:51'),
(2401, 10, 2130706433, '2016-09-06 09:06:51'),
(2402, 10, 2130706433, '2016-09-06 09:06:58'),
(2403, 10, 2130706433, '2016-09-06 09:06:59'),
(2404, 10, 2130706433, '2016-09-06 09:08:39'),
(2405, 10, 2130706433, '2016-09-06 09:08:51'),
(2406, 10, 2130706433, '2016-09-06 09:21:39'),
(2407, 10, 2130706433, '2016-09-06 09:22:10'),
(2408, 10, 2130706433, '2016-09-06 09:23:11'),
(2409, 10, 2130706433, '2016-09-06 09:23:42'),
(2410, 10, 2130706433, '2016-09-06 09:23:55'),
(2411, 10, 2130706433, '2016-09-06 09:24:11'),
(2412, 10, 2130706433, '2016-09-06 09:29:24'),
(2413, 10, 2130706433, '2016-09-06 09:31:46'),
(2414, 10, 2130706433, '2016-09-06 09:32:46'),
(2415, 10, 2130706433, '2016-09-06 09:32:52'),
(2416, 10, 2130706433, '2016-09-06 09:43:39'),
(2417, 10, 2130706433, '2016-09-06 09:44:23'),
(2418, 10, 2130706433, '2016-09-06 09:48:46'),
(2419, 10, 2130706433, '2016-09-06 09:52:46'),
(2420, 10, 2130706433, '2016-09-06 09:53:09'),
(2421, 10, 2130706433, '2016-09-06 09:54:26'),
(2422, 10, 2130706433, '2016-09-06 09:55:27'),
(2423, 10, 2130706433, '2016-09-06 09:55:38'),
(2424, 10, 2130706433, '2016-09-06 09:58:50'),
(2425, 10, 2130706433, '2016-09-06 10:14:35'),
(2426, 10, 2130706433, '2016-09-06 10:15:24'),
(2427, 10, 2130706433, '2016-09-06 10:22:34'),
(2428, 10, 2130706433, '2016-09-06 10:22:46'),
(2429, 10, 2130706433, '2016-09-06 10:23:27'),
(2430, 10, 2130706433, '2016-09-06 10:23:44'),
(2431, 52, 2130706433, '2016-09-06 10:24:44'),
(2432, 6, 2130706433, '2016-09-06 10:33:14'),
(2433, 49, 2130706433, '2016-09-06 10:33:40'),
(2434, 49, 2130706433, '2016-09-06 10:40:17'),
(2435, 7, 2130706433, '2016-09-06 10:45:05'),
(2436, 49, 2130706433, '2016-09-06 10:45:10'),
(2437, 53, 2130706433, '2016-09-06 10:45:16'),
(2438, 53, 2130706433, '2016-09-06 12:45:08'),
(2439, 49, 2130706433, '2016-09-06 12:49:58');

-- --------------------------------------------------------

--
-- Структура таблицы `news`
--

CREATE TABLE `news` (
  `id_news` int(11) UNSIGNED NOT NULL,
  `title_news` varchar(50) NOT NULL DEFAULT '',
  `content_news` text NOT NULL,
  `image_news` varchar(100) NOT NULL DEFAULT '',
  `date_news` datetime NOT NULL DEFAULT '0000-00-00 00:00:00',
  `is_analitic` tinyint(1) UNSIGNED NOT NULL DEFAULT '0',
  `id_category` int(11) UNSIGNED NOT NULL DEFAULT '0',
  `is_published` tinyint(1) UNSIGNED NOT NULL DEFAULT '0',
  `cnt_visit` int(11) NOT NULL DEFAULT '0'
) ENGINE=InnoDB DEFAULT CHARSET=utf8;

--
-- Дамп данных таблицы `news`
--

INSERT INTO `news` (`id_news`, `title_news`, `content_news`, `image_news`, `date_news`, `is_analitic`, `id_category`, `is_published`, `cnt_visit`) VALUES
(6, 'Нацбанк визнав неплатоспроможним черговий банк', 'У зазначеному банку не були розміщені вклади  фізичних осіб, повідомляє прес-центр НБУ.', '1.jpg', '2016-07-26 22:54:12', 0, 1, 0, 2),
(7, 'Врожай-2016 буде кращим, ніж очікували – експерти', 'В Україні чекають на добрий врожай зернових: аграрії зберуть принаймні не менше, ніж торік. За інформацією Мінагрополітики, українські фермери вже намолотили понад 20 мільйонів тонн ранніх зернових та зернобобових. У відомстві звітують: врожайність по більшості показників перевищує минулорічні. Експерти у свою чергу вважать їх успішними, втім зазначають: через хороший врожай зернових у світі вартість експорту не буде високою. Втім, Україна матиме шанс закріпитися на світовому ринку серед лідерів і стати конкурентоспроможною не лише в якості, а й в ціні', '2.jpg', '2016-07-26 22:55:58', 0, 1, 0, 1),
(8, 'Украинским военным повысят зарплаты из-за инфляции', 'Оборонный бюджет на 2017 год должен предусматривать увеличение зарплаты военнослужащих.\r\nСекретарь Совета национальной безопасности и обороны Украины Александр Турчинов заявляет, что оборонный бюджет на 2017 год должен предусматривать увеличение зарплаты военнослужащих с учетом инфляции в стране.\r\n\r\nКак сообщили в пресс-службе СНБО, под председательством Турчинова состоялось совещание по вопросу подготовки оборонного бюджета на 2017 год с участием руководителей всех силовых министерств и ведомств, а также министерства экономики и министерства финансов.\r\n\r\nСекретарь СНБО сказал, что, учитывая угрозы, которые стоят перед страной, "мы не можем уменьшить объемы финансирования сектора безопасности и обороны". "Именно поэтому требование Стратегии национальной безопасности в отношении финансирования сектора безопасности и обороны в размере 5% от ВВП должно четко выполняться", - заявил Турчинов.', '3.jpg', '2016-07-26 22:58:00', 0, 1, 0, 0),
(10, 'Названа неожиданная причина возможной преждевремен', 'Американские ученые из Гарвардского университета провели масштабное исследование и установили, что потребление в больших количествах ненасыщенных жиров, содержащихся в растительных маслах, минимизирует вероятность ранней смерти. В то же время рацион, насыщенный животными жирами, наоборот, способствует ухудшению здоровья, сообщает портал Medical Daily.\r\n\r\nПо словам ученых, их работа является на настоящее время наиболее полной и тщательной проверкой, как жиры в пище влияют на состояние организма. Диетологи выяснили, что если заменить насыщенные жиры, которые содержатся в сливочном масле, сале и красном мясе, ненасыщенными из оливкового, рапсового и соевого масел, то можно избежать серьезных проблем со здоровьем.\r\n\r\nДиетологи изучили данные 126 тысяч человек, которые принимали участие в двух долгосрочных исследованиях: Nurses'' Health Study и Health Pr-fessi-nals F-ll-w-Up Study. Добровольцы в течение 32 лет периодически, каждые два-четыре года, заполняли анкеты, отвечая на вопросы о диете, режиме питания, стиле жизни и здоровье. За все время исследования умерли 33 тысяч человек. Ученые проверили, существует ли связь между питанием и смертями, наступившими в результате сердечно-сосудистых заболеваний, рака, нейродегенеративных расстройств и поражений дыхательной системы.\r\n\r\nОказалось, что различные типы жиров по-разному влияли на состояние организма. Трансжиры (содержатся в мясных и молочных продуктах) оказались самыми вредными: если увеличить их потребление на два процента, то риск преждевременной смерти повысится на 16 процентов. Пятипроцентное увеличение потребления насыщенных жиров связано с дополнительными восемью процентами смертей. А вот ненасыщенные жиры оказывают прямо противоположный эффект. Обогащенная ими диета снижала вероятность смерти на 11-19 процентов. Замена насыщенных жиров углеводами лишь незначительно способствует улучшению здоровья.', '4.jpg', '2016-07-26 22:59:38', 1, 2, 0, 4),
(11, 'Ученые рассказали об интересных изменениях в клима', 'ченые Центра океанических исследований GEOMAR в Киле (Германия) провели исследование влияния океана на климатические условия планеты. В соответствии с полученными результатами, деятельность человека в рекордные сроки смогла изменить механизмы, для формирования которых необходимы десятилетия.', '5.jpg', '2016-07-26 23:01:19', 0, 2, 0, 2),
(12, 'Проверка', 'проверка_контент', '', '2016-07-27 01:22:46', 1, 1, 1, 4),
(18, 'дореми', 'доремий', '3.jpg', '2016-07-27 01:39:32', 0, 4, 0, 0),
(19, 'економически новости', 'тролололло', '3.jpg', '2016-07-27 12:53:29', 0, 3, 0, 3),
(25, 'економика бизнес технологии', 'категория 1\r\n економика бизнес технологии', '', '2016-07-28 01:14:47', 1, 4, 1, 8),
(26, 'аналитика', 'В Україні чекають на добрий врожай зернових: аграрії зберуть принаймні не менше, ніж торік. За інформацією Мінагрополітики, українські фермери вже намолотили понад 20 мільйонів тонн ранніх зернових та зернобобових. У відомстві звітують: врожайність по більшості показників перевищує минулорічні. Експерти у свою чергу вважать їх успішними, втім зазначають: через хороший врожай зернових у світі вартість експорту не буде високою. Втім, Україна матиме шанс закріпитися на світовому ринку серед лідерів і стати конкурентоспроможною не лише в якості, а й в ціні', '', '2016-07-31 20:03:39', 1, 1, 0, 3),
(46, '111', '11', '', '2016-08-09 15:52:20', 0, 1, 1, 1),
(49, '333333', '333', 'qwe.jpg', '2016-08-09 23:18:58', 1, 1, 1, 3),
(52, 'hhhhhhhhhhhh', 'hhh', 'fgdfg.jpeg', '2016-08-17 15:11:31', 0, 4, 1, 5),
(53, 'Котя', 'Котя', 'kotya_samsung.jpg', '2016-08-27 00:53:11', 0, 1, 1, 3);

--
-- Триггеры `news`
--
DELIMITER $$
CREATE TRIGGER `news_before_insert` BEFORE INSERT ON `news` FOR EACH ROW BEGIN
SET NEW.date_news=NOW();
END
$$
DELIMITER ;

-- --------------------------------------------------------

--
-- Структура таблицы `promotion`
--

CREATE TABLE `promotion` (
  `id` int(10) UNSIGNED NOT NULL,
  `product_name` text NOT NULL,
  `price` double NOT NULL,
  `firm` tinytext NOT NULL,
  `cnt` smallint(6) NOT NULL DEFAULT '0',
  `site` varchar(100) NOT NULL DEFAULT 'http://www.logitech.com/ru-ru/mice-pointers/mice',
  `is_active` tinyint(1) UNSIGNED DEFAULT '1'
) ENGINE=InnoDB DEFAULT CHARSET=utf8;

--
-- Дамп данных таблицы `promotion`
--

INSERT INTO `promotion` (`id`, `product_name`, `price`, `firm`, `cnt`, `site`, `is_active`) VALUES
(1, 'm171-wireless-mouse', 285, 'Logitech', 15, 'http://www.logitech.com/ru-ru/mice-pointers/mice', 1),
(2, 'Wireless Mouse M175 Black ', 325, 'Logitech', 0, 'http://www.logitech.com/ru-ru/mice-pointers/mice', 1),
(3, 'Wireless Mouse M280 Black', 555, 'Logitech', 2, 'http://www.logitech.com/ru-ru/mice-pointers/mice', 1),
(4, 'B100', 189, 'Logitech', 1, 'http://www.logitech.com/ru-ru/mice-pointers/mice', 1),
(5, 'Wireless Mouse M185 Gray', 339, 'Logitech', 3, 'http://www.logitech.com/ru-ru/mice-pointers/mice', 1),
(6, 'Wireless Mouse M170 Grey-Black ', 299, 'Logitech', 4, 'http://www.logitech.com/ru-ru/mice-pointers/mice', 1),
(7, 'Wireless Mouse M171 Grey-Black', 329, 'Logitech', 5, 'http://www.logitech.com/ru-ru/mice-pointers/mice', 1),
(8, 'Logitech M100 White ', 215, 'Logitech', 8, 'http://www.logitech.com/ru-ru/mice-pointers/mice', 1);

-- --------------------------------------------------------

--
-- Структура таблицы `tags`
--

CREATE TABLE `tags` (
  `id_tag` int(11) UNSIGNED NOT NULL,
  `tag_name` varchar(50) NOT NULL
) ENGINE=InnoDB DEFAULT CHARSET=utf8;

--
-- Дамп данных таблицы `tags`
--

INSERT INTO `tags` (`id_tag`, `tag_name`) VALUES
(1, 'економика'),
(2, 'наука'),
(3, 'Бизнес'),
(4, 'Технологии');

-- --------------------------------------------------------

--
-- Структура таблицы `tag_news`
--

CREATE TABLE `tag_news` (
  `id_news` int(11) UNSIGNED NOT NULL,
  `id_tag` int(11) UNSIGNED NOT NULL
) ENGINE=InnoDB DEFAULT CHARSET=utf8;

--
-- Дамп данных таблицы `tag_news`
--

INSERT INTO `tag_news` (`id_news`, `id_tag`) VALUES
(46, 2),
(46, 3),
(46, 4),
(25, 1),
(25, 3),
(25, 4),
(18, 3),
(12, 1),
(12, 3),
(49, 1),
(49, 2),
(49, 3),
(49, 4),
(52, 2),
(53, 3);

-- --------------------------------------------------------

--
-- Структура таблицы `users`
--

CREATE TABLE `users` (
  `id` smallint(5) NOT NULL,
  `login` varchar(45) NOT NULL,
  `email` varchar(100) NOT NULL,
  `role` varchar(45) NOT NULL,
  `password` char(32) NOT NULL,
  `is_active` tinyint(1) NOT NULL DEFAULT '1'
) ENGINE=InnoDB DEFAULT CHARSET=utf8;

--
-- Дамп данных таблицы `users`
--

INSERT INTO `users` (`id`, `login`, `email`, `role`, `password`, `is_active`) VALUES
(34, 'vetal', 'vetal@ukr.net', '', 'ee72131cf82e024e5e20854fc3702f94', 1),
(35, '111', '1111211@ww', '', '1c6be783cdddbc8f3323abd5749599e0', 1),
(36, 'test', 'test@test.ru', '', 'd3636e2ae38913e9d678a8b9b0200871', 1),
(37, 'jjjjjjj', 'jjj@fdd.t', '', '01f5734d1547cdf29a5ff160995c10bb', 1),
(39, 'admin', 'ilinov123@ukr.net', 'admin', '44ca5fa5c67e434b9e779c5febc46f06', 1),
(40, 'qwert', 'qwert@qw.r', '', 'c5f7a6b3a8f7e775b30548b2d89607f8', 1);

-- --------------------------------------------------------

--
-- Структура таблицы `votes_comment`
--

CREATE TABLE `votes_comment` (
  `id` int(10) UNSIGNED NOT NULL,
  `id_comment` int(10) UNSIGNED NOT NULL,
  `id_user` smallint(5) NOT NULL
) ENGINE=InnoDB DEFAULT CHARSET=utf8;

--
-- Дамп данных таблицы `votes_comment`
--

INSERT INTO `votes_comment` (`id`, `id_comment`, `id_user`) VALUES
(2, 5, 34),
(3, 3, 34),
(4, 1, 34),
(17, 15, 34),
(18, 16, 34);

--
-- Индексы сохранённых таблиц
--

--
-- Индексы таблицы `article`
--
ALTER TABLE `article`
  ADD PRIMARY KEY (`id`);

--
-- Индексы таблицы `category`
--
ALTER TABLE `category`
  ADD PRIMARY KEY (`id_category`);

--
-- Индексы таблицы `comments`
--
ALTER TABLE `comments`
  ADD PRIMARY KEY (`id_comment`),
  ADD KEY `FK_comments_news` (`id_news`),
  ADD KEY `FK_comments_users` (`id_user`);

--
-- Индексы таблицы `log`
--
ALTER TABLE `log`
  ADD PRIMARY KEY (`id_log`),
  ADD KEY `FK_log_news` (`id_news`);

--
-- Индексы таблицы `news`
--
ALTER TABLE `news`
  ADD PRIMARY KEY (`id_news`),
  ADD KEY `FK_news_category` (`id_category`);

--
-- Индексы таблицы `promotion`
--
ALTER TABLE `promotion`
  ADD PRIMARY KEY (`id`);

--
-- Индексы таблицы `tags`
--
ALTER TABLE `tags`
  ADD PRIMARY KEY (`id_tag`);

--
-- Индексы таблицы `tag_news`
--
ALTER TABLE `tag_news`
  ADD KEY `FK_tag_news_tags` (`id_tag`),
  ADD KEY `FK_tag_news_news` (`id_news`);

--
-- Индексы таблицы `users`
--
ALTER TABLE `users`
  ADD PRIMARY KEY (`id`),
  ADD UNIQUE KEY `login` (`login`),
  ADD UNIQUE KEY `email` (`email`);

--
-- Индексы таблицы `votes_comment`
--
ALTER TABLE `votes_comment`
  ADD PRIMARY KEY (`id`),
  ADD KEY `FK_votes_comment_comments` (`id_comment`),
  ADD KEY `FK_votes_comment_users` (`id_user`);

--
-- AUTO_INCREMENT для сохранённых таблиц
--

--
-- AUTO_INCREMENT для таблицы `article`
--
ALTER TABLE `article`
  MODIFY `id` int(11) NOT NULL AUTO_INCREMENT, AUTO_INCREMENT=2;
--
-- AUTO_INCREMENT для таблицы `category`
--
ALTER TABLE `category`
  MODIFY `id_category` int(11) UNSIGNED NOT NULL AUTO_INCREMENT, AUTO_INCREMENT=5;
--
-- AUTO_INCREMENT для таблицы `comments`
--
ALTER TABLE `comments`
  MODIFY `id_comment` int(10) UNSIGNED NOT NULL AUTO_INCREMENT, AUTO_INCREMENT=18;
--
-- AUTO_INCREMENT для таблицы `log`
--
ALTER TABLE `log`
  MODIFY `id_log` int(11) NOT NULL AUTO_INCREMENT, AUTO_INCREMENT=2440;
--
-- AUTO_INCREMENT для таблицы `news`
--
ALTER TABLE `news`
  MODIFY `id_news` int(11) UNSIGNED NOT NULL AUTO_INCREMENT, AUTO_INCREMENT=54;
--
-- AUTO_INCREMENT для таблицы `promotion`
--
ALTER TABLE `promotion`
  MODIFY `id` int(10) UNSIGNED NOT NULL AUTO_INCREMENT, AUTO_INCREMENT=9;
--
-- AUTO_INCREMENT для таблицы `tags`
--
ALTER TABLE `tags`
  MODIFY `id_tag` int(11) UNSIGNED NOT NULL AUTO_INCREMENT, AUTO_INCREMENT=5;
--
-- AUTO_INCREMENT для таблицы `users`
--
ALTER TABLE `users`
  MODIFY `id` smallint(5) NOT NULL AUTO_INCREMENT, AUTO_INCREMENT=41;
--
-- AUTO_INCREMENT для таблицы `votes_comment`
--
ALTER TABLE `votes_comment`
  MODIFY `id` int(10) UNSIGNED NOT NULL AUTO_INCREMENT, AUTO_INCREMENT=19;
--
-- Ограничения внешнего ключа сохраненных таблиц
--

--
-- Ограничения внешнего ключа таблицы `comments`
--
ALTER TABLE `comments`
  ADD CONSTRAINT `FK_comments_news` FOREIGN KEY (`id_news`) REFERENCES `news` (`id_news`),
  ADD CONSTRAINT `FK_comments_users` FOREIGN KEY (`id_user`) REFERENCES `users` (`id`) ON DELETE CASCADE;

--
-- Ограничения внешнего ключа таблицы `log`
--
ALTER TABLE `log`
  ADD CONSTRAINT `FK_log_news` FOREIGN KEY (`id_news`) REFERENCES `news` (`id_news`) ON DELETE CASCADE;

--
-- Ограничения внешнего ключа таблицы `news`
--
ALTER TABLE `news`
  ADD CONSTRAINT `FK_news_category` FOREIGN KEY (`id_category`) REFERENCES `category` (`id_category`);

--
-- Ограничения внешнего ключа таблицы `tag_news`
--
ALTER TABLE `tag_news`
  ADD CONSTRAINT `FK_tag_news_news` FOREIGN KEY (`id_news`) REFERENCES `news` (`id_news`) ON DELETE CASCADE,
  ADD CONSTRAINT `FK_tag_news_tags` FOREIGN KEY (`id_tag`) REFERENCES `tags` (`id_tag`);

--
-- Ограничения внешнего ключа таблицы `votes_comment`
--
ALTER TABLE `votes_comment`
  ADD CONSTRAINT `FK_votes_comment_comments` FOREIGN KEY (`id_comment`) REFERENCES `comments` (`id_comment`) ON DELETE CASCADE,
  ADD CONSTRAINT `FK_votes_comment_users` FOREIGN KEY (`id_user`) REFERENCES `users` (`id`);

/*!40101 SET CHARACTER_SET_CLIENT=@OLD_CHARACTER_SET_CLIENT */;
/*!40101 SET CHARACTER_SET_RESULTS=@OLD_CHARACTER_SET_RESULTS */;
/*!40101 SET COLLATION_CONNECTION=@OLD_COLLATION_CONNECTION */;
